"JB71 B,PNL VIBRATION",,,,,,,
,,,,,,,
Project #,ANG01,,,,,,
Project Name,STOCK,,,,,,
Revision,A.6_M.2,,,,,,
,,,,,,,
Controls DE,Poovarasan M,,,,,,
Phone:,,,,,,,
Controls ME,,,,,,,
Phone:,,,,,,,
,,,,,,,
From,,,,,,To,
Device ID,Wire No.,Wire ID,Gauge/Size,Length,Device ID,To Location,Bundle Name
AF,,,,,,,
,,,,,,,
AF0410:56,AF0410P,WHT,16,60.0,AF0420:55,"JB71 B,PNL VIBRATION",AF0410
AF0410:54,AF0410N,WHT,16,60.0,AF0420:53,"JB71 B,PNL VIBRATION",
AF0410:55,FU0400,WHT,16,60.0,FU0400:LD,"JB71 B,PNL VIBRATION",
AF0410:53,"-0V",WHT,16,60.0,XT0401:1,"JB71 B,PNL VIBRATION",
,,,,,,,
AF0420:56,AF0420P,WHT,16,60.0,AF0450:55,"JB71 B,PNL VIBRATION",AF0420
AF0420:54,AF0420N,WHT,16,60.0,AF0450:53,"JB71 B,PNL VIBRATION",
,,,,,,,
AF0450:56,AF0450P,WHT,16,60.0,AF0510:55,"JB71 B,PNL VIBRATION",AF0450
AF0450:54,AF0450N,WHT,16,60.0,AF0510:53,"JB71 B,PNL VIBRATION",
,,,,,,,
AT,,,,,,,
,,,,,,,
AT0680:NEG,"-0V",WHT,14,60.0,XT0401:7,"JB71 B,PNL VIBRATION",AT0680
AT0680:POS,FU0680,WHT,14,60.0,XT0401:8,"JB71 B,PNL VIBRATION",
,,,,,,,
FU,,,,,,,
,,,,,,,
FU0680:LD,FU0680,WHT,14,60.0,XT0401:8,"JB71 B,PNL VIBRATION",FU - XT
,,,,,,,
FU,,,,,,,
,,,,,,,
FU0400:LI,FU0136,WHT,14,120.0,XT0002:3,"JB71 B,PNL DC PWR",FU - XT
,,,,,,,
XT,,,,,,,
,,,,,,,
XT0401:1,"-0V",WHT,12,120.0,XT0003:3,"JB71 B,PNL DC PWR",XT - XT