"JB71 C,DOOR PNL EQP",,,,,,,
,,,,,,,
Project #,ANG01,,,,,,
Project Name,STOCK,,,,,,
Revision,A.6_M.2,,,,,,
,,,,,,,
Controls DE,Poovarasan M,,,,,,
Phone:,,,,,,,
Controls ME,,,,,,,
Phone:,,,,,,,
,,,,,,,
From,,,,,,To,
Device ID,Wire No.,Wire ID,Gauge/Size,Length,Device ID,To Location,Bundle Name
HL,,,,,,,
,,,,,,,
HL0171:X1,HL0171X1,WHT,16,60.0,HL0171:X4(-),"JB71 C,DOOR PNL EQP",HL0171
,,,,,,,
HL0172:X1,HL0172X1,WHT,16,60.0,HL0172:X4(-),"JB71 C,DOOR PNL EQP",HL0172
,,,,,,,
SH,,,,,,,
,,,,,,,
SH6500:X1,SH6500X1,WHT,20,120.0,AF0182:11,"JB71 B,PNL CUSTOMER",SH6500
SH6500:X2,SH6500X2,WHT,20,120.0,AF0182:27,"JB71 B,PNL CUSTOMER",
,,,,,,,
HL,,,,,,,
,,,,,,,
HL0171:X2,HL0171X2,WHT,16,120.0,XT0171:37,"JB71 C,PNL EQP CTRL",HL0171
HL0171:X2,HL0171X2,WHT,16,120.0,XT0171:38,"JB71 C,PNL EQP CTRL",
HL0171:X3(+),HL0171X3,WHT,16,120.0,XT0171:35,"JB71 C,PNL EQP CTRL",
HL0171:X3(+),HL0171X3,WHT,16,120.0,XT0171:36,"JB71 C,PNL EQP CTRL",
,,,,,,,
HL0172:X2,HL0172X2,WHT,16,120.0,XT0171:41,"JB71 C,PNL EQP CTRL",HL0172
HL0172:X2,HL0172X2,WHT,16,120.0,XT0171:42,"JB71 C,PNL EQP CTRL",
HL0172:X3(+),HL0172X3,WHT,16,120.0,XT0171:39,"JB71 C,PNL EQP CTRL",
HL0172:X3(+),HL0172X3,WHT,16,120.0,XT0171:40,"JB71 C,PNL EQP CTRL",
,,,,,,,
SA,,,,,,,
,,,,,,,
SA0170:21,SA01702C,WHT,16,120.0,AT0175:11,"JB71 C,PNL EQP CTRL",SA0170
SA0170:31,SA01703C,WHT,16,120.0,AT0176:17,"JB71 C,PNL EQP CTRL",
SA0170:13,SA017013,WHT,16,120.0,AT0170:11,"JB71 C,PNL EQP CTRL",
SA0170:14,SA017014,WHT,16,120.0,AT0170:12,"JB71 C,PNL EQP CTRL",
SA0170:22,SV66111,WHT,16,120.0,XT0171:1,"JB71 C,PNL EQP CTRL",
SA0170:32,SV66121,WHT,16,120.0,XT0171:3,"JB71 C,PNL EQP CTRL",
,,,,,,,
SH,,,,,,,
,,,,,,,
SH6500:2,SH65002,WHT,20,120.0,XT0171:13,"JB71 C,PNL EQP CTRL",SH6500
,,,,,,,
SH,,,,,,,
,,,,,,,
SH6500:1,FU0172,WHT,20,120.0,XT0175:7,"JB71 C,PNL EQP PWR",SH6500