RED CHANGE,,,,,,,,,,,,,,,,,,,,,,,,,,,,,,,,,,,,,,,,,,,,,,,,,,,,,,,,,,,,,,,,,,,,,,,,,,,,,,,,,,,,a1
CM #,CUSTOMER,UNIT,PD,LWC,PLAN CONLAY,CONASSY,TARGET,CONCUS,PRODUCTION PLANNER,UNIT LOCATION,STATUS,SHORTAGES & NOTES,,,,,,,,,,,,,,,,,,,,,,,,,,,,,,,,,,,,,,,,,,,,,,,,,,,,,,,,,,,,,,,,,,,,,,,,
GREEN CHANGE,,,,,,,,,,,,,,,,,,,,,,,,,,,,,,,,,,,,,,,,,,,,,,,,,,,,,,,,,,,,,,,,,,,,,,,,,,,,,,,,,,,,
CM #,CUSTOMER,UNIT,PD,LWC,PLAN CONLAY,CONASSY,TARGET,CONCUS,PRODUCTION PLANNER,UNIT LOCATION,STATUS,SHORTAGES & NOTES,,,,,,,,,,,,,,,,,,,,,,,,,,,,,,,,,,,,,,,,,,,,,,,,,,,,,,,,,,,,,,,,,,,,,,,,
BIQ COMPLETE WITH SHORTAGES,,,,,,,,,,,,,,,,,,,,,,,,,,,,,,,,,,,,,,,,,,,,,,,,,,,,,,,,,,,,,,,,,,,,,,,,,,,,,,,,,,,,
CM #,CUSTOMER,UNIT,PD,LWC,PLAN CONLAY,CONASSY,TARGET,CONCUS,PRODUCTION PLANNER,UNIT LOCATION,STATUS/LOCATION,SHORTAGES & NOTES,,,,,,,,,,,,,,,,,,,,,,,,,,,,,,,,,,,,,,,,,,,,,,,,,,,,,,,,,,,,,,,,,,,,,,,,
10392,TALOS BULLWINKLE,1,H3320CC,New,12/08/25,12/19/25,01/06/26,,M. RUGNETA,TEST STA 16,BIQ COMPLETE 1/8 SENT TO SHIPPING 1/9," SHORTAGES:   ""CURRENT MEASUREMENT"" black  metal labelwaiting for Certification to release then label lab to print.",,,,,,,,,,,,,,,,,,,,,,,,,,,,,,,,,,,,,,,,,,,,,,,,,,,,,,,,,,,,,,,,,,,,,,,,
10393,TALOS BULLWINKLE,2,H3320CC,New,12/09/25,12/19/25,01/06/26,,M. RUGNETA,TEST STA 16,BIQ COMPLETE 1/8 SENT TO SHIPPING 1/9,SHORTAGES:   CURRENT MEASUREMENT black metal labelwaiting for Certification to release then label lab to print.,,,,,,,,,,,,,,,,,,,,,,,,,,,,,,,,,,,,,,,,,,,,,,,,,,,,,,,,,,,,,,,,,,,,,,,,
10408,SHL-BN,1,4M391,NTB,12/23/25,01/15/26,01/16/26,,M. ANDREWS,NTB STA,BIQ COMPLETE 1/12,,,,,,,,,,,,,,,,,,,,,,,,,,,,,,,,,,,,,,,,,,,,,,,,,,,,,,,,,,,,,,,,,,,,,,,,,
10404,STAR CV SHIP AHEAD,1,4K491CB,New,12/11/25,12/22/25,01/12/26,,M. RUGNETA,TEST STA  6,Biq Wip. ,,,,,,,,,,,,,,,,,,,,,,,,,,,,,,,,,,,,,,,,,,,,,,,,,,,,,,,,,,,,,,,,,,,,,,,,,
10412,PENDING-N,6,LFB #6,New,01/09/26,,,,E. GONZALEZ,TEST STA 10,BIQ COMPLETE  1/20,USE 3382734-100 Legals,,,,,,,,,,,,,,,,,,,,,,,,,,,,,,,,,,,,,,,,,,,,,,,,,,,,,,,,,,,,,,,,,,,,,,,,
10413,PENDING-N,7,LFB #7,New,01/09/26,,,,E. GONZALEZ,TEST STA 10,BIQ COMPLETE 1/22,,,,,,,,,,,,,,,,,,,,,,,,,,,,,,,,,,,,,,,,,,,,,,,,,,,,,,,,,,,,,,,,,,,,,,,,,
10379,WP-BDR,2,4L141,Onskid,12/01/25,12/12/25,02/03/26,,E. GONZALEZ,TEST STA 11,BIQ COMPLETE 1/9,,,,,,,,,,,,,,,,,,,,,,,,,,,,,,,,,,,,,,,,,,,,,,,,,,,,,,,,,,,,,,,,,,,,,,,,,
10378,WP-BDR,1,4L141,Onskid,11/21/25,12/04/25,01/12/26,,E. GONZALEZ,TEST STA 9  ,BIQ COMPLETE 1/8 ,,,,,,,,,,,,,,,,,,,,,,,,,,,,,,,,,,,,,,,,,,,,,,,,,,,,,,,,,,,,,,,,,,,,,,,,,
10307,MER-PGM,9,4L841,Onskid,12/03/25,12/16/25,01/29/26,,M. RUGNETA,,BIQ  Complete  12/19, ,,,,,,,,,,,,,,,,,,,,,,,,,,,,,,,,,,,,,,,,,,,,,,,,,,,,,,,,,,,,,,,,,,,,,,,,
10360,PROP-77,1,4K401,Onskid,11/13/25,12/12/25,01/23/26,,E. GONZALEZ,TEST STA 2,BIQ COMPLETE 1/8 , ,,,,,,,,,,,,,,,,,,,,,,,,,,,,,,,,,,,,,,,,,,,,,,,,,,,,,,,,,,,,,,,,,,,,,,,,
10205,MER-SOL,8,4M371,Onskid,12/10/25,12/19/25,01/09/26,,E. GONZALEZ,TEST STA 15,BIQ COMPLETE 1/9,,,,,,,,,,,,,,,,,,,,,,,,,,,,,,,,,,,,,,,,,,,,,,,,,,,,,,,,,,,,,,,,,,,,,,,,,
10373,PROP-78,1,4L311,Onskid,12/08/25,12/23/25,01/27/26,,E. GONZALEZ,TEST STA 5,BIQ COMPLETE 1/14,,,,,,,,,,,,,,,,,,,,,,,,,,,,,,,,,,,,,,,,,,,,,,,,,,,,,,,,,,,,,,,,,,,,,,,,,
10403,LEE WAGPCO,2,G7810CC,Offskid,12/16/25,01/15/26,01/15/26,,M. ANDREWS,,BIQ COMPLETE 1/30 READY FOR SHIPPING 1/31,Shortages 0,,,,,,,,,,,,,,,,,,,,,,,,,,,,,,,,,,,,,,,,,,,,,,,,,,,,,,,,,,,,,,,,,,,,,,,,
10408,SHL-BN,1,4M391,Offskid,01/09/26,01/21/26,02/06/26,,M. ANDREWS,,BIQ COMPLETE 2/2, 2 BAY WITH TT6 PARTS. Shortage  0,,,,,,,,,,,,,,,,,,,,,,,,,,,,,,,,,,,,,,,,,,,,,,,,,,,,,,,,,,,,,,,,,,,,,,,,
10433,TX GAS TRANS,1,J0980CB,New,01/29/26,02/09/26,02/17/26,,M. RUGNETA,NTB RACK 1,BIQ COMPLETE 2/16 SENT TO SHIPPING 2/17,no shortages,,,,,,,,,,,,,,,,,,,,,,,,,,,,,,,,,,,,,,,,,,,,,,,,,,,,,,,,,,,,,,,,,,,,,,,,
10434,TX GAS TRANS,2,J0980CB,New,01/29/26,02/09/26,02/17/26,,M. RUGNETA,NTB RACK 1,BIQ COMPLETE 2/16 SENT TO SHIPPING 2/17,no shortages,,,,,,,,,,,,,,,,,,,,,,,,,,,,,,,,,,,,,,,,,,,,,,,,,,,,,,,,,,,,,,,,,,,,,,,,
10411,BIOGEN TT6,1,J0360CC,New,01/12/26,01/22/26,01/30/26,,M. RUGNETA,TEST STA 16,BIQ COMPLETE 2/16,no shortages,,,,,,,,,,,,,,,,,,,,,,,,,,,,,,,,,,,,,,,,,,,,,,,,,,,,,,,,,,,,,,,,,,,,,,,,
10402,LEE WAGPCO,1,G7810CC,Offskid,12/16/25,01/14/26,01/15/26,,M. ANDREWS,,BIQ COMPLETE 2/4,4 BAY WITH TT6 PARTS . Shortages 0,,,,,,,,,,,,,,,,,,,,,,,,,,,,,,,,,,,,,,,,,,,,,,,,,,,,,,,,,,,,,,,,,,,,,,,,
9983,RUYA-WP,2,4J181,Offskid,06/13/25,06/25/25,07/03/25,07/02/25,M. ANDREWS,,BIQ  COMPLETE 7/11, 3-BAY WITH TT6 PARTS    SHORTAGES: QTY. 1 P/N 1089241-28 (POWER SUPPLY) due 7/25.(SHIP SHORT),,,,,,,,,,,,,,,,,,,,,,,,,,,,,,,,,,,,,,,,,,,,,,,,,,,,,,,,,,,,,,,,,,,,,,,,
10296,BLKB-70,2,4J731,Offskid,09/25/25,10/08/25,10/28/25,10/14/25,M. ANDREWS,,BIQ COMPLETE 10/27,"3-Bay with TT6 parts SHORTAGES 2684693-32  QTY 1 MODULE , 2684693-31 QTY 1 MODULE,",,,,,,,,,,,,,,,,,,,,,,,,,,,,,,,,,,,,,,,,,,,,,,,,,,,,,,,,,,,,,,,,,,,,,,,,
10375,BASIN ELEC BAR STA,1,H1088CS,Offskid,11/17/25,12/05/25,12/12/25,,M. ANDREWS,,BIQ COMPLETE  12/17,"1 BAY WITH SCS PNL,TT6 PARTS SHORTAGES: SUGAR CUBE 1035040-22 QTY 3 , 1035040-24 QTY 3 FLOOR STOCK. Ship short 1/8",,,,,,,,,,,,,,,,,,,,,,,,,,,,,,,,,,,,,,,,,,,,,,,,,,,,,,,,,,,,,,,,,,,,,,,,
10382,BASIN EL ARVADA ST,1,H1098CS,Offskid,11/20/25,12/05/25,12/12/25,,M. ANDREWS,,BIQ Complete  12/17,"1 BAY WITH SCS PNL, AND TT6 PARTS   SHORTAGES: 4) QTY. 1 P/N 1116671-4 (ETHERNET SWITCH), 5) QTY. 1 P/N 2684693-17, 6) QTY. 1 P/N 2684693-24, 7) QTY. 1 P/N 2684693-49, QTY. 1 P/N 2684693-51",,,,,,,,,,,,,,,,,,,,,,,,,,,,,,,,,,,,,,,,,,,,,,,,,,,,,,,,,,,,,,,,,,,,,,,,
10391,BASIN EL HART STAT,1,H1108CS,Offskid,11/21/25,12/08/25,12/12/25,,M. ANDREWS,,BIQ COMPLETE 12/16,"1 BAY WITH SCS PNL, AND TT6 PARTS   SHORTAGES: SUGAR CUBE 1035040-22 QTY 3 , 1035040-24 QTY 3 .",,,,,,,,,,,,,,,,,,,,,,,,,,,,,,,,,,,,,,,,,,,,,,,,,,,,,,,,,,,,,,,,,,,,,,,,
10426,KRGT VEYO,1,J0940CC,New,01/27/26,02/06/26,02/16/26,,M. RUGNETA,TEST STA 10,BIQ COMPLETE 2/24,,,,,,,,,,,,,,,,,,,,,,,,,,,,,,,,,,,,,,,,,,,,,,,,,,,,,,,,,,,,,,,,,,,,,,,,,
10231,QE-D,1,4J611,Offskid,11/07/25,11/21/25,12/05/25,,M. ANDREWS,,BIQ COMPLETE   1/8,  4 Bay with TT6 with PARTS  (UPDATED TO B.2.M1) SHORTAGES: BACK ORDER.DIODE LATE ADD RR0292 P/N 912565C1 QTY 1. ,,,,,,,,,,,,,,,,,,,,,,,,,,,,,,,,,,,,,,,,,,,,,,,,,,,,,,,,,,,,,,,,,,,,,,,,
10377,WP-BR STATION,1,4L197CS,Offskid,11/14/25,12/02/25,12/12/25,,M. ANDREWS,OFFSKID STA 8,BIQ COMPLETE 2/20,"1-BAY WITH SCS PNL, TT6 PARTS, AND BOX. Shortage : COMPUTER 1577354-5900 QTY 1 .",,,,,,,,,,,,,,,,,,,,,,,,,,,,,,,,,,,,,,,,,,,,,,,,,,,,,,,,,,,,,,,,,,,,,,,,
10376,WP-BDR STATION,1,4L147CS,Offskid,11/14/25,12/02/25,12/08/25,,M. ANDREWS,OFFSKID STA 6,BIQ Complete 2/20,"1-BAY WITH SCS PNL, TT6 PARTS, AND BOX. Shortage : COMPUTER 1577354-5900 QTY 1.",,,,,,,,,,,,,,,,,,,,,,,,,,,,,,,,,,,,,,,,,,,,,,,,,,,,,,,,,,,,,,,,,,,,,,,,
10444,PER-PGM,1,4N621,Onskid,02/05/26,02/16/26,02/25/26,,E. GONZALEZ,OFFSKID STAT 2,BIQ COMPLETE 2/27,,,,,,,,,,,,,,,,,,,,,,,,,,,,,,,,,,,,,,,,,,,,,,,,,,,,,,,,,,,,,,,,,,,,,,,,,
10432,YALE SSP,2,J0750CC,New,01/28/26,02/06/26,02/17/26,,M. RUGNETA,TEST STA 11,BIQ COMPLETE 2/27,,,,,,,,,,,,,,,,,,,,,,,,,,,,,,,,,,,,,,,,,,,,,,,,,,,,,,,,,,,,,,,,,,,,,,,,,
10445,PER-PGM,2,4N621,Onskid,02/09/26,02/18/26,03/09/26,,E. GONZALEZ,TEST STA 13,BIQ COMPLETE 2/28,,,,,,,,,,,,,,,,,,,,,,,,,,,,,,,,,,,,,,,,,,,,,,,,,,,,,,,,,,,,,,,,,,,,,,,,,
10431,YALE SSP,1,J0750CC,New,01/27/26,02/05/26,02/16/26,,M. RUGNETA,TEST STA 11,BIQ COMPLETE 3/2,,,,,,,,,,,,,,,,,,,,,,,,,,,,,,,,,,,,,,,,,,,,,,,,,,,,,,,,,,,,,,,,,,,,,,,,,
10446,PER-PGM,3,4N621,Onskid,02/18/26,02/27/26,03/13/26,,E. GONZALEZ,OFFSKID STAT 6,BIQ COMPLETE 3/6,,,,,,,,,,,,,,,,,,,,,,,,,,,,,,,,,,,,,,,,,,,,,,,,,,,,,,,,,,,,,,,,,,,,,,,,,
10439,NOC-B,1,J0410CC,Offskid,02/02/26,02/18/26,03/19/26,,M. ANDREWS,OFFSKID STAT 5,BIQ COMPLETE 3/6,3  BAY WITH TT6 PARTS .SHORTAGES TCP 1507708-602 due 2/20 pass due date. RTD 700226C1 QTY 1. MARKER 1067996-68 QTY 2.,,,,,,,,,,,,,,,,,,,,,,,,,,,,,,,,,,,,,,,,,,,,,,,,,,,,,,,,,,,,,,,,,,,,,,,,
10492,SHL-GMG,1,4M401,NTB,03/04/26,03/11/26,03/11/26,,M. ANDREWS,TEST STA  3,BIQ COMPLETE 3/12,,,,,,,,,,,,,,,,,,,,,,,,,,,,,,,,,,,,,,,,,,,,,,,,,,,,,,,,,,,,,,,,,,,,,,,,,
10493,SHL-GMG,2,4M401,NTB,03/07/26,03/16/26,03/16/26,,M. ANDREWS,TEST STA 1,BIQ COMPLETE 3/12,,,,,,,,,,,,,,,,,,,,,,,,,,,,,,,,,,,,,,,,,,,,,,,,,,,,,,,,,,,,,,,,,,,,,,,,,
10494,SHL-GMG,3,4M401,NTB,03/17/26,03/26/26,04/06/26,,M. ANDREWS,TEST STA 1-2,BIQ COMPLETE 3/13,,,,,,,,,,,,,,,,,,,,,,,,,,,,,,,,,,,,,,,,,,,,,,,,,,,,,,,,,,,,,,,,,,,,,,,,,
10430,TITAN TIRE,1,J0960CC,Offskid,02/18/26,03/08/26,03/13/26,,M. ANDREWS,OFFSKID STAT 4,BIQ COMPLETE 3/16,2  BAY WITH TT6 PARTS (1 DAY LATE) SHORTAGE,,,,,,,,,,,,,,,,,,,,,,,,,,,,,,,,,,,,,,,,,,,,,,,,,,,,,,,,,,,,,,,,,,,,,,,,
10484,SHWE-P4,1,4M181,NTB,03/05/26,03/09/26,03/03/26,,M. ANDREWS,TEST STA  5,BIQ COMPLETE 3/16,,,,,,,,,,,,,,,,,,,,,,,,,,,,,,,,,,,,,,,,,,,,,,,,,,,,,,,,,,,,,,,,,,,,,,,,,
10440,NOC-C,1,J0411CC,Offskid,02/04/26,03/03/26,03/19/26,,M. ANDREWS,OFFSKID STAT 5,BIQ COMPLETE 3/18,FINAL DISCREPANCIES WIP,,,,,,,,,,,,,,,,,,,,,,,,,,,,,,,,,,,,,,,,,,,,,,,,,,,,,,,,,,,,,,,,,,,,,,,,
10351,S60-81,1,4L921,Onskid,11/18/25,12/12/25,11/25/25,,E. GONZALEZ,TEST STA 5  ,BIQ COMPLETE  12/19,,,,,,,,,,,,,,,,,,,,,,,,,,,,,,,,,,,,,,,,,,,,,,,,,,,,,,,,,,,,,,,,,,,,,,,,,
10350,PIPECHINA-A,2,H0140CC,Offskid,11/03/25,11/13/25,11/21/25,,M. ANDREWS,OFFSKID STA 2,BIQ COMPLETE 11/23,,,,,,,,,,,,,,,,,,,,,,,,,,,,,,,,,,,,,,,,,,,,,,,,,,,,,,,,,,,,,,,,,,,,,,,,,
10366,PIPECHINA-B,1,H0141CC,Offskid,11/04/25,11/13/25,11/21/25,,M. ANDREWS,OFFSKID STA 4,BIQ COMPLETE 11/26, 3 BAY WITH TT6 PARTS  ,,,,,,,,,,,,,,,,,,,,,,,,,,,,,,,,,,,,,,,,,,,,,,,,,,,,,,,,,,,,,,,,,,,,,,,,
,,,,,,,,,,,,,,,,,,,,,,,,,,,,,,,,,,,,,,,,,,,,,,,,,,,,,,,,,,,,,,,,,,,,,,,,,,,,,,,,,,,,
10365,WIL250N,3,4M104,Onskid,11/05/25,11/20/25,12/15/25,,E. GONZALEZ,TEST STA 3,BIQ COMPLETE 12/1,,,,,,,,,,,,,,,,,,,,,,,,,,,,,,,,,,,,,,,,,,,,,,,,,,,,,,,,,,,,,,,,,,,,,,,,,
10364,WIL250N,2,4M104,Onskid,10/28/25,11/19/25,12/02/25,,E. GONZALEZ,TEST STA 3-4,BIQ WIP / Pics 12/3,(-9 days),,,,,,,,,,,,,,,,,,,,,,,,,,,,,,,,,,,,,,,,,,,,,,,,,,,,,,,,,,,,,,,,,,,,,,,,
10305,MER-PGM,7,4L841,Onskid,11/11/25,11/24/25,12/12/25,,M. RUGNETA,TEST STA 4,BIQ Complete 12/4,,,,,,,,,,,,,,,,,,,,,,,,,,,,,,,,,,,,,,,,,,,,,,,,,,,,,,,,,,,,,,,,,,,,,,,,,
10324,S60-79,1,4L901,Onskid,10/24/25,11/19/25,11/17/25,,E. GONZALEZ,TEST STA 6, BIQ COMPLETE 12/8.,  ,,,,,,,,,,,,,,,,,,,,,,,,,,,,,,,,,,,,,,,,,,,,,,,,,,,,,,,,,,,,,,,,,,,,,,,,
10359,PROP-76,1,4K391,Onskid,11/06/25,12/03/25,01/15/26,,E. GONZALEZ,TEST STA 12,BIQ COMPLETE 12/11,,,,,,,,,,,,,,,,,,,,,,,,,,,,,,,,,,,,,,,,,,,,,,,,,,,,,,,,,,,,,,,,,,,,,,,,,
10341,WIL130N,7,4M102,Onskid,11/18/25,12/05/25,12/16/25,,M. RUGNETA,TEST STAT 10,BIQ COMPLETE    12/10,(0 days) ,,,,,,,,,,,,,,,,,,,,,,,,,,,,,,,,,,,,,,,,,,,,,,,,,,,,,,,,,,,,,,,,,,,,,,,,
10340,WIL130N,6,4M102,Onskid,11/13/25,12/03/25,12/12/25,,M. RUGNETA,TEST STA 5-6,BIQ COMPLETE 12/15,,,,,,,,,,,,,,,,,,,,,,,,,,,,,,,,,,,,,,,,,,,,,,,,,,,,,,,,,,,,,,,,,,,,,,,,,
10374,NGT-P,1,4L251,NTB,10/29/25,12/12/25,11/18/25,,M. ANDREWS,NTB RACK,BIQ COMPLETE 12/15, ,,,,,,,,,,,,,,,,,,,,,,,,,,,,,,,,,,,,,,,,,,,,,,,,,,,,,,,,,,,,,,,,,,,,,,,,
10204,MER-SOL,7,4M371,Onskid,11/21/25,12/05/25,12/16/25,,E. GONZALEZ,TEST STA 15,BIQ COMPLETE   12/16,,,,,,,,,,,,,,,,,,,,,,,,,,,,,,,,,,,,,,,,,,,,,,,,,,,,,,,,,,,,,,,,,,,,,,,,,
10381,WP-BR,2,4L191,Onskid,11/24/25,01/12/00,01/02/26,,E. GONZALEZ,TEST STA  3,BIQ COMPLETE 1/7,,,,,,,,,,,,,,,,,,,,,,,,,,,,,,,,,,,,,,,,,,,,,,,,,,,,,,,,,,,,,,,,,,,,,,,,,
10374,NGT-P,1,4L251,Offskid,12/01/25,12/10/25,12/17/25,12/17/25,M. ANDREWS,OFFSKID STAT 1,BIQ COMPLETE 1/7,,,,,,,,,,,,,,,,,,,,,,,,,,,,,,,,,,,,,,,,,,,,,,,,,,,,,,,,,,,,,,,,,,,,,,,,,
10414,PENDING-N,8,LFB #8,New,01/16/26,,,,E. GONZALEZ,TEST STA 8,FINAL/BIQ WIP 1/22,,,,,,,,,,,,,,,,,,,,,,,,,,,,,,,,,,,,,,,,,,,,,,,,,,,,,,,,,,,,,,,,,,,,,,,,,
10447,NOC-A,1,J0400CC,Offskid,02/16/26,03/05/26,03/16/26,,M. ANDREWS,OFFSKID STAT 1, BIQ COMPLETE 3/19," 3  BAY WITH TT6 PARTS  (-10 DAYS) SHORTAGE ORBIT-60 p/n 2762566-J0400, ",,,,,,,,,,,,,,,,,,,,,,,,,,,,,,,,,,,,,,,,,,,,,,,,,,,,,,,,,,,,,,,,,,,,,,,,
10448,NOC-A-1,1,J0401CC,Offskid,02/16/26,03/09/26,03/16/26,,M. ANDREWS,OFFSKID STAT 8,BIQ COMPLETE  3/19, 2  BAY WITH TT6 PARTS (-10 DAYS) ,,,,,,,,,,,,,,,,,,,,,,,,,,,,,,,,,,,,,,,,,,,,,,,,,,,,,,,,,,,,,,,,,,,,,,,,
10461,PROP-85,1,4L991,Onskid,02/19/26,03/06/26,02/23/26,,E. GONZALEZ,,BIQ COMPLETE 3/19,,,,,,,,,,,,,,,,,,,,,,,,,,,,,,,,,,,,,,,,,,,,,,,,,,,,,,,,,,,,,,,,,,,,,,,,,
10465,GPM-D,1,4M582,Onskid,02/25/26,03/09/26,03/23/26,,M. RUGNETA,,BIQ COMPLETE 3/19, ,,,,,,,,,,,,,,,,,,,,,,,,,,,,,,,,,,,,,,,,,,,,,,,,,,,,,,,,,,,,,,,,,,,,,,,,
10464,WP-ADSC STA,1,4M037CS,Offskid,02/26/26,03/09/26,03/18/26,,M. ANDREWS,OFFSKID STAT 2,BIQ COMPLETE 3/20,Waiting for Certification for DATA PLATE,,,,,,,,,,,,,,,,,,,,,,,,,,,,,,,,,,,,,,,,,,,,,,,,,,,,,,,,,,,,,,,,,,,,,,,,
10485,WP-NHSC  STATION,1,4M417CS,Offskid,03/09/26,03/18/26,03/27/26,,M. ANDREWS,OFFSKID 6,BIQ COMPLETE 3/24,,,,,,,,,,,,,,,,,,,,,,,,,,,,,,,,,,,,,,,,,,,,,,,,,,,,,,,,,,,,,,,,,,,,,,,,,
10489,SOUTHERN STAR,1,J1620CC,Offskid,03/09/26,03/18/26,03/27/26,,M. ANDREWS,OFFSKID 7,BIQ COMPLETE 3/27,SHORTAGE DATA PLATE,,,,,,,,,,,,,,,,,,,,,,,,,,,,,,,,,,,,,,,,,,,,,,,,,,,,,,,,,,,,,,,,,,,,,,,,
10467,PROP-87,1,4M011,Onskid,03/03/26,03/12/26,04/16/26,,E. GONZALEZ,TEST STA 10,BIQ COMPLETE 3/27,,,,,,,,,,,,,,,,,,,,,,,,,,,,,,,,,,,,,,,,,,,,,,,,,,,,,,,,,,,,,,,,,,,,,,,,,
10521,TCE-W1 SHIP AHEAD,1,4K001CB,New,03/17/26,03/26/26,03/25/26,,M. RUGNETA,FLEX FLOAT,BIQ COMPLETE 3/27,,,,,,,,,,,,,,,,,,,,,,,,,,,,,,,,,,,,,,,,,,,,,,,,,,,,,,,,,,,,,,,,,,,,,,,,,
10522,TCE-W2 SHIP AHEAD,1,4K002CB,New,03/17/26,03/26/26,03/25/26,,M. RUGNETA,FLEX FLOAT,BIQ COMPLETE 3/27,Use 1054596-31 JB1123 Media Converter Box Sent to Shipping 4/1,,,,,,,,,,,,,,,,,,,,,,,,,,,,,,,,,,,,,,,,,,,,,,,,,,,,,,,,,,,,,,,,,,,,,,,,
10400,MICHIGN,1,4K551,Onskid,12/09/25,12/18/25,01/09/26,,M. RUGNETA,,BIQ Complete 2/5,SHORTAGES: 1098580-24 CORNING CONNECTOR QTY 1 DUE 4/20,,,,,,,,,,,,,,,,,,,,,,,,,,,,,,,,,,,,,,,,,,,,,,,,,,,,,,,,,,,,,,,,,,,,,,,,
10435,MEPCO,1,4P721,Onskid,01/27/26,02/09/26,02/23/26,,E. GONZALEZ,,BIQ COMPLETE 2/26,(0 day) SHORTAGES: 1) QTY. 1 P/N 1835036-2 (DEC250 REGULATOR) due 4/17,,,,,,,,,,,,,,,,,,,,,,,,,,,,,,,,,,,,,,,,,,,,,,,,,,,,,,,,,,,,,,,,,,,,,,,,
10436,MEPCO,2,4P721,Onskid,02/04/26,02/13/26,02/26/26,,E. GONZALEZ,,BIQ COMPLETE 2/27,SHORTAGES: 1) QTY. 1 P/N 1835036-2 (DEC250 REGULATOR) due 4/17,,,,,,,,,,,,,,,,,,,,,,,,,,,,,,,,,,,,,,,,,,,,,,,,,,,,,,,,,,,,,,,,,,,,,,,,
10452,PSX-GLD,1,4N291,Onskid,02/11/26,02/20/26,03/04/26,,M. RUGNETA,,BIQ COMPLETE 2/28, JB1123 Media Converter Box on hold for ship ahead until QPS inspection date of turbomachinery March20 - April 22,,,,,,,,,,,,,,,,,,,,,,,,,,,,,,,,,,,,,,,,,,,,,,,,,,,,,,,,,,,,,,,,,,,,,,,,
10453,PSX-GLD,2,4N291,Onskid,02/11/26,02/20/26,03/06/26,,M. RUGNETA,,BIQ COMPLETE 3/01,  JB1123 Media Converter Box on hold for ship ahead until QPS inspection date of turbomachinery March20 - April 22,,,,,,,,,,,,,,,,,,,,,,,,,,,,,,,,,,,,,,,,,,,,,,,,,,,,,,,,,,,,,,,,,,,,,,,,
10454,PSX-GLD,3,4N291,Onskid,02/20/26,03/03/26,03/12/26,,M. RUGNETA,TEST STA 15,BIQ COMPLETE 3/10, JB1123 Media Converter Box on hold for ship ahead until QPS inspection date of turbomachinery March20 - April 22 ,,,,,,,,,,,,,,,,,,,,,,,,,,,,,,,,,,,,,,,,,,,,,,,,,,,,,,,,,,,,,,,,,,,,,,,,
10455,PSX-GLD,4,4N291,Onskid,02/23/26,03/09/26,03/16/26,,M. RUGNETA,TEST STA 16,BIQ COMPLETE 3/17,"SHORTAGES: 1096567-1204 NEMA BOX (JB72) QTY 1 DUE 4/2 Rec'd and installed, 1122983-22 JB70 R/S DOOR QTY 1 JB1123 Media Converter Box on hold for ship ahead until QPS inspection date of turbomachinery March20 - April 22 ",,,,,,,,,,,,,,,,,,,,,,,,,,,,,,,,,,,,,,,,,,,,,,,,,,,,,,,,,,,,,,,,,,,,,,,,
10471,VOLTAGD SHIP AHEAD,1,4M891CB,New,02/26/26,03/09/26,04/02/26,,M. RUGNETA,FLEX FLOAT,BIQ COMPLETE 3/10,SHORTAGES: Data plates,,,,,,,,,,,,,,,,,,,,,,,,,,,,,,,,,,,,,,,,,,,,,,,,,,,,,,,,,,,,,,,,,,,,,,,,
10472,VOLTAGD SHIP AHEAD,2,4M891CB,New,02/27/26,03/10/26,04/02/26,,M. RUGNETA,FLEX FLOAT,BIQ COMPLETE 3/10,SHORTAGES: Data plates,,,,,,,,,,,,,,,,,,,,,,,,,,,,,,,,,,,,,,,,,,,,,,,,,,,,,,,,,,,,,,,,,,,,,,,,
10473,VOLTAGD SHIP AHEAD,3,4M891CB,New,02/27/26,03/10/26,04/02/26,,M. RUGNETA,FLEX FLOAT,BIQ COMPLETE 3/10,SHORTAGES: Data plates,,,,,,,,,,,,,,,,,,,,,,,,,,,,,,,,,,,,,,,,,,,,,,,,,,,,,,,,,,,,,,,,,,,,,,,,
10474,VOLTAGD SHIP AHEAD,4,4M891CB,New,03/02/26,03/11/26,04/02/26,,M. RUGNETA,FLEX FLOAT,BIQ COMPLETE 3/10,SHORTAGES: Data plates,,,,,,,,,,,,,,,,,,,,,,,,,,,,,,,,,,,,,,,,,,,,,,,,,,,,,,,,,,,,,,,,,,,,,,,,
10475,VOLTAGD SHIP AHEAD,5,4M891CB,New,03/09/26,03/18/26,04/02/26,,M. RUGNETA,FLEX FLOAT,BIQ COMPLETE 3/12,SHORTAGES: Data plates,,,,,,,,,,,,,,,,,,,,,,,,,,,,,,,,,,,,,,,,,,,,,,,,,,,,,,,,,,,,,,,,,,,,,,,,
10476,VOLTAGD SHIP AHEAD,6,4M891CB,New,03/11/26,03/20/26,04/02/26,,M. RUGNETA,FLEX FLOAT,BIQ COMPLETE 3/12,SHORTAGES: Data plates,,,,,,,,,,,,,,,,,,,,,,,,,,,,,,,,,,,,,,,,,,,,,,,,,,,,,,,,,,,,,,,,,,,,,,,,
10477,VOLTAGD SHIP AHEAD,7,4M891CB,New,03/11/26,03/20/26,04/02/26,,M. RUGNETA,FLEX FLOAT,BIQ COMPLETE 3/12,SHORTAGES: Data plates,,,,,,,,,,,,,,,,,,,,,,,,,,,,,,,,,,,,,,,,,,,,,,,,,,,,,,,,,,,,,,,,,,,,,,,,
10478,VOLTAGD SHIP AHEAD,8,4M891CB,New,03/12/26,03/23/26,04/02/26,,M. RUGNETA,FLEX FLOAT,BIQ COMPLETE 3/20,SHORTAGES: Data plates,,,,,,,,,,,,,,,,,,,,,,,,,,,,,,,,,,,,,,,,,,,,,,,,,,,,,,,,,,,,,,,,,,,,,,,,
10479,VOLTAGD SHIP AHEAD,9,4M891CB,New,03/12/26,03/23/26,04/02/26,,M. RUGNETA,FLEX FLOAT,BIQ COMPLETE 3/20,SHORTAGES: Data plates,0,,,,,,,,,,,,,,,,,,,,,,,,,,,,,,,,,,,,,,,,,,,,,,,,,,,,,,,,,,,,,,,,,,,,,,,
10480,VOLTAGD SHIP AHEAD,10,4M891CB,New,03/13/26,03/24/26,04/02/26,,M. RUGNETA,FLEX FLOAT,BIQ COMPLETE 3/20,SHORTAGES: Data plates,,,,,,,,,,,,,,,,,,,,,,,,,,,,,,,,,,,,,,,,,,,,,,,,,,,,,,,,,,,,,,,,,,,,,,,,
10481,VOLTAGD SHIP AHEAD,11,4M891CB,New,03/13/26,03/24/26,04/02/26,,M. RUGNETA,FLEX FLOAT,BIQ COMPLETE 3/20,SHORTAGES: Data plates,,,,,,,,,,,,,,,,,,,,,,,,,,,,,,,,,,,,,,,,,,,,,,,,,,,,,,,,,,,,,,,,,,,,,,,,
10482,VOLTAGD SHIP AHEAD,12,4M891CB,New,03/13/26,03/24/26,04/02/26,,M. RUGNETA,FLEX FLOAT,BIQ COMPLETE 3/23,SHORTAGES: Data plates,,,,,,,,,,,,,,,,,,,,,,,,,,,,,,,,,,,,,,,,,,,,,,,,,,,,,,,,,,,,,,,,,,,,,,,,
10517,SHL-GMN SHIP AHEAD,1,4M501CB,New,03/11/26,03/20/26,03/06/26,,M. ANDREWS,TEST STA  5-6,BIQ COMPLETE 3/23,"SHORTAGES: 1271449-1 QTY (1) Media converter, Dual language labels and data plates.  4M501CB: There's been a red change. Gland Plate 2823924-4 for 2 pc has been added. Current due date is 5/8. Please wait til we rec'd gland plate and install",,,,,,,,,,,,,,,,,,,,,,,,,,,,,,,,,,,,,,,,,,,,,,,,,,,,,,,,,,,,,,,,,,,,,,,,
10462,PROP-86,1,4M001,Onskid,02/20/26,03/09/26,03/02/26,,E. GONZALEZ,TEST STA 9,BIQ COMPLETE 3/24,Do not take to shipping yet per Eng. team,,,,,,,,,,,,,,,,,,,,,,,,,,,,,,,,,,,,,,,,,,,,,,,,,,,,,,,,,,,,,,,,,,,,,,,,
10315,MER-PGM,17,4L841,Onskid,03/06/26,03/17/26,04/01/26,,M. RUGNETA,TEST STA  13,BIQ COMPLETE 3/25,"SHORTAGES: 1006616-4L841 DOOR PANEL QTY 1 Rec'd and installed 4/1, Rotary switch",,,,,,,,,,,,,,,,,,,,,,,,,,,,,,,,,,,,,,,,,,,,,,,,,,,,,,,,,,,,,,,,,,,,,,,,
10483,KOC-JPF,1,4P101,Onskid,03/02/26,03/11/26,03/23/26,,M. RUGNETA,TEST STA 7,BIQ COMPLETE 3/26,"  SHORTAGES: DUAL LANGUAGE LABELS/DATA PLATES, 1054596-50 NEMA BOX",,,,,,,,,,,,,,,,,,,,,,,,,,,,,,,,,,,,,,,,,,,,,,,,,,,,,,,,,,,,,,,,,,,,,,,,
10508,TRP-FA1,1,4N091,Onskid,03/16/26,03/25/26,04/03/26,,M. RUGNETA,TEST STA  2,BIQ COMPLETE 3/27,"SHORTAGES: 1054596-50 Qty 1 JB1123 Due 3/27, DATA PLATES",,,,,,,,,,,,,,,,,,,,,,,,,,,,,,,,,,,,,,,,,,,,,,,,,,,,,,,,,,,,,,,,,,,,,,,,
10490,ET-TRI,1,4M481,Onskid,03/16/26,03/25/26,04/03/26,,E. GONZALEZ,TEST STA  1,BIQ COMPLETE 3/30,"SHORTAGES: 1054596-50 Qty 1 JB1123 Due 3/27, DATA PLATES",,,,,,,,,,,,,,,,,,,,,,,,,,,,,,,,,,,,,,,,,,,,,,,,,,,,,,,,,,,,,,,,,,,,,,,,
10466,GPM-D,2,4M582,Onskid,03/11/26,03/20/26,03/31/26,,M. RUGNETA, TEST STA 7-8,BIQ COMPLETE 3/30,SHORTAGES:  1054596-50 Qty 1 JB1123 MEDIA CONVERTER DUE 3/27,,,,,,,,,,,,,,,,,,,,,,,,,,,,,,,,,,,,,,,,,,,,,,,,,,,,,,,,,,,,,,,,,,,,,,,,
10509,SOU-FLN,1,4N171,Onskid,03/16/26,03/25/26,04/06/26,,E. GONZALEZ,TEST STA  11,BIQ COMPLETE 4/3,"  DUAL LANGUAGE SPANISH/ENGLISH  SHORTAGES: 1054596-50 Qty 1 JB1123 Due 3/27, DATA PLATES",,,,,,,,,,,,,,,,,,,,,,,,,,,,,,,,,,,,,,,,,,,,,,,,,,,,,,,,,,,,,,,,,,,,,,,,
10495,STOCK2,1,ANG02,Onskid,03/10/26,03/19/26,03/31/26,,E. GONZALEZ,TEST STA  3,BIQ COMPLETE 4/3,,,,,,,,,,,,,,,,,,,,,,,,,,,,,,,,,,,,,,,,,,,,,,,,,,,,,,,,,,,,,,,,,,,,,,,,,
10546,ENI-K,1,4M511,NTB,03/24/26,03/26/26,03/19/26,,M. ANDREWS,TEST STA  5-6, BIQ COMPLETE 4/3, SHORTAGES: DATA PLATES,,,,,,,,,,,,,,,,,,,,,,,,,,,,,,,,,,,,,,,,,,,,,,,,,,,,,,,,,,,,,,,,,,,,,,,,
10488,SR-COLE,1,4M082,Onskid,03/09/26,03/18/26,03/27/26,,M. RUGNETA,TEST STA  14,BIQ COMPLETE 4/4,SHORTAGES:  1054596-50 NEMA BOX (JB1123) QTY 1,,,,,,,,,,,,,,,,,,,,,,,,,,,,,,,,,,,,,,,,,,,,,,,,,,,,,,,,,,,,,,,,,,,,,,,,
10468,PROP-88,1,4M191,Onskid,03/17/26,03/26/26,04/23/26,,E. GONZALEZ,TEST STA  8,BIQ COMPLETE 4/6,,,,,,,,,,,,,,,,,,,,,,,,,,,,,,,,,,,,,,,,,,,,,,,,,,,,,,,,,,,,,,,,,,,,,,,,,
FINAL/BIQ,,,,,,,,,,,,,,,,,,,,,,,,,,,,,,,,,,,,,,,,,,,,,,,,,,,,,,,,,,,,,,,,,,,,,,,,,,,,,,,,,,,,
CM #,CUSTOMER,UNIT,PD,LWC,PLAN CONLAY,CONASSY,TARGET,CONCUS,PRODUCTION PLANNER,UNIT LOCATION,STATUS,SHORTAGES & NOTES,,,,,,,,,,,,,,,,,,,,,,,,,,,,,,,,,,,,,,,,,,,,,,,,,,,,,,,,,,,,,,,,,,,,,,,,
FIRST PASS,,,,,,,,,,,,,,,,,,,,,,,,,,,,,,,,,,,,,,,,,,,,,,,,,,,,,,,,,,,,,,,,,,,,,,,,,,,,,,,,,,,,
CM #,CUSTOMER,UNIT,PD,LWC,PLAN CONLAY,CONASSY,TARGET,CONCUS,PRODUCTION PLANNER,UNIT LOCATION,STATUS ,SHORTAGES & NOTES,,,,,,,,,,,,,,,,,,,,,,,,,,,,,,,,,,,,,,,,,,,,,,,,,,,,,,,,,,,,,,,,,,,,,,,,
10463,BOC-WQ1 SC,1,4L228CS,Offskid,03/04/26,03/13/26,03/25/26,,M. ANDREWS,OFFSKID 4,First Pass. 3/31 G/c Wip 4/6,Shortage: cables from -4030 HMI. NO SW,,,,,,,,,,,,,,,,,,,,,,,,,,,,,,,,,,,,,,,,,,,,,,,,,,,,,,,,,,,,,,,,,,,,,,,,
10496,STOCK2,2,ANG02,Onskid,03/18/26,03/27/26,04/08/26,,E. GONZALEZ,TEST STA  13-14,First Pass. 4/2 ,,,,,,,,,,,,,,,,,,,,,,,,,,,,,,,,,,,,,,,,,,,,,,,,,,,,,,,,,,,,,,,,,,,,,,,,,
10541,EMMC,1,J1600CC,New,03/18/26,03/27/26,04/08/26,,M. RUGNETA,TEST STA  5,"First Pass 4/3 engr, assy",,,,,,,,,,,,,,,,,,,,,,,,,,,,,,,,,,,,,,,,,,,,,,,,,,,,,,,,,,,,,,,,,,,,,,,,,
HARDWARE/AC TEST,,,,,,,,,,,,,,,,,,,,,,,,,,,,,,,,,,,,,,,,,,,,,,,,,,,,,,,,,,,,,,,,,,,,,,,,,,,,,,,,,,,,
CM #,CUSTOMER,UNIT,PD,LWC,PLAN CONLAY,CONASSY,ORIG COMMIT,CONCUS,PRODUCTION PLANNER,UNIT LOCATION,STATUS,SHORTAGES & NOTES,,,,,,,,,,,,,,,,,,,,,,,,,,,,,,,,,,,,,,,,,,,,,,,,,,,,,,,,,,,,,,,,,,,,,,,,
10492,SHL-GMG,1,4M401,Offskid,03/20/26,03/31/26,04/13/26,,M. ANDREWS,OFFSKID STAT 3,Ready for AC. 4/3, PANEL B/U ISOLATOR. 3 BAY CONSOLE REC. Shortage: Labels for sugar cube and warning,,,,,,,,,,,,,,,,,,,,,,,,,,,,,,,,,,,,,,,,,,,,,,,,,,,,,,,,,,,,,,,,,,,,,,,,
10484,SHWE-P4,1,4M181,Offskid,03/11/26,03/20/26,04/06/26,04/03/26,M. ANDREWS,OFFSKID STAT 1,Ready for AC 3/30., CONCUS 3/30! Shortage: BACKWITH 1062941-4M181,,,,,,,,,,,,,,,,,,,,,,,,,,,,,,,,,,,,,,,,,,,,,,,,,,,,,,,,,,,,,,,,,,,,,,,,
10525,SR-SEEP,1,4M071,Onskid,03/19/26,03/30/26,04/09/26,,E. GONZALEZ,TEST STA  12,Ready for CSA/AC 3/30.,"SHORTAGES: DATA PLATES, 1054596-50 NEMA BOX QTY 1",,,,,,,,,,,,,,,,,,,,,,,,,,,,,,,,,,,,,,,,,,,,,,,,,,,,,,,,,,,,,,,,,,,,,,,,
10523,WP-AD,1,4M031,Onskid,03/19/26,03/30/26,04/14/26,,E. GONZALEZ,TEST STA 4,First pass.  Needs CSA and A/c power.,SHORTAGES: DATA PLATES,,,,,,,,,,,,,,,,,,,,,,,,,,,,,,,,,,,,,,,,,,,,,,,,,,,,,,,,,,,,,,,,,,,,,,,,
10526,STOCK,1,ANG01,Onskid,03/18/26,03/27/26,04/07/26,,E. GONZALEZ,TEST STA  15,HW test 4/6,,,,,,,,,,,,,,,,,,,,,,,,,,,,,,,,,,,,,,,,,,,,,,,,,,,,,,,,,,,,,,,,,,,,,,,,,
10527,STOCK,2,ANG01,Onskid,03/19/26,03/30/26,04/08/26,,E. GONZALEZ,TEST STA 16,HW test 4/6,,,,,,,,,,,,,,,,,,,,,,,,,,,,,,,,,,,,,,,,,,,,,,,,,,,,,,,,,,,,,,,,,,,,,,,,,
10528,STOCK,3,ANG01,Onskid,03/23/26,04/01/26,06/16/26,,E. GONZALEZ,TEST STA  13,HW test 4/6,,,,,,,,,,,,,,,,,,,,,,,,,,,,,,,,,,,,,,,,,,,,,,,,,,,,,,,,,,,,,,,,,,,,,,,,,
10491,ET-TRI,2,4M481,Onskid,04/01/26,04/10/26,03/27/26,,E. GONZALEZ,TEST STA 1,HW test 4/6," SHORTAGES: 1054596-50 NEMA BOX QTY 1, 1577354-4503  QTY 1 HMI Due 4/7, 1098580-30 FIBER OPTIC CABLES, QTY 2",,,,,,,,,,,,,,,,,,,,,,,,,,,,,,,,,,,,,,,,,,,,,,,,,,,,,,,,,,,,,,,,,,,,,,,,
10529,STOCK,4,ANG01,Onskid,03/25/26,04/03/26,06/23/26,,E. GONZALEZ,TEST STA  6,READY FOR TEST 4/5,SHORTAGES: 1503050-2 CONTACT BLOCK QTY 1,,,,,,,,,,,,,,,,,,,,,,,,,,,,,,,,,,,,,,,,,,,,,,,,,,,,,,,,,,,,,,,,,,,,,,,,
10469,PROP-89,1,4M201,Onskid,03/25/26,04/03/26,05/01/26,,E. GONZALEZ,TEST STA  9-10,READY FOR TEST 4/5,SHORTAGES: 1021502 ROTARY SWITCH QTY 1   Sent to Shpping 4/6 ,,,,,,,,,,,,,,,,,,,,,,,,,,,,,,,,,,,,,,,,,,,,,,,,,,,,,,,,,,,,,,,,,,,,,,,,
10493,SHL-GMG,2,4M401,Offskid,03/24/26,04/02/26,04/17/26,,M. ANDREWS,OFFSKID STAT5,HW test 4/6,,,,,,,,,,,,,,,,,,,,,,,,,,,,,,,,,,,,,,,,,,,,,,,,,,,,,,,,,,,,,,,,,,,,,,,,,
10542,TRP-FA2,1,4N092,Onskid,03/27/26,04/07/26,05/04/26,,M. RUGNETA,TEST STA 7,READY FOR TEST 4/6,SHORTAGES: 1054596-50 NEMA BOX QTY 1,,,,,,,,,,,,,,,,,,,,,,,,,,,,,,,,,,,,,,,,,,,,,,,,,,,,,,,,,,,,,,,,,,,,,,,,
10524,WP-AD,2,4M031,Onskid,03/25/26,04/06/26,05/15/26,,E. GONZALEZ,TEST STA 2,READY FOR TEST 4/6,"  SHORTAGES: DUAL LANGUAGE LABELS/DATA PLATES, 1054596-50 NEMA BOX",,,,,,,,,,,,,,,,,,,,,,,,,,,,,,,,,,,,,,,,,,,,,,,,,,,,,,,,,,,,,,,,,,,,,,,,
ASSEMBLY,,,,,,,,,,,,,`,,,,,,,,,,,,,,,,,,,,,,,,,,,,,,,,,,,,,,,,,,,,,,,,,,,,,,,,,,,,,,,,,,,,,,,
CM #,CUSTOMER,UNIT,PD,LWC,PLAN CONLAY,CONASSY,ORIG COMMIT,CONCUS,PRODUCTION PLANNER,UNIT LOCATION,STATUS,NOTES,,,,,,,,,,,,,,,,,,,,,,,,,,,,,,,,,,,,,,,,,,,,,,,,,,,,,,,,,,,,,,,,,,,,,,,,
10520,PSX-GLDSC STAT,1,4N298CS,Offskid,03/27/26,04/07/26,04/15/26,,M. ANDREWS,OFFSKID STAT6,PANEL WIRE / CONSOLE XW 4/3,,,,,,,,,,,,,,,,,,,,,,,,,,,,,,,,,,,,,,,,,,,,,,,,,,,,,,,,,,,,,,,,,,,,,,,,,
10162,NOC 130,3,G9440CC,Offskid,03/30/26,04/10/26,04/17/26,,M. ANDREWS,OFFSKID STAT 8,PANEL WIRE CONSOLE BU 4/3,,,,,,,,,,,,,,,,,,,,,,,,,,,,,,,,,,,,,,,,,,,,,,,,,,,,,,,,,,,,,,,,,,,,,,,,,
10208,MER-SOL,11,4M371,Onskid,03/30/26,04/08/26,04/20/26,,E. GONZALEZ,TEST STA 16,PANEL BU/WIRE 4/5,,,,,,,,,,,,,,,,,,,,,,,,,,,,,,,,,,,,,,,,,,,,,,,,,,,,,,,,,,,,,,,,,,,,,,,,,
10530,STOCK,5,ANG01,Onskid,03/31/26,04/09/26,06/29/26,,M. RUGNETA,,PANEL BU/WIRE 4/5,,,,,,,,,,,,,,,,,,,,,,,,,,,,,,,,,,,,,,,,,,,,,,,,,,,,,,,,,,,,,,,,,,,,,,,,,
10494,SHL-GMG,3,4M401,Offskid,03/31/26,04/09/26,06/05/26,,M. ANDREWS,OFFSKID STAT 7,PANEL WIRE / CONSOLE BU 4/3,  (NEED TO SEND PANEL TO PAINT SHOP),,,,,,,,,,,,,,,,,,,,,,,,,,,,,,,,,,,,,,,,,,,,,,,,,,,,,,,,,,,,,,,,,,,,,,,,
10470,PROP-90,1,4M211,Onskid,04/01/26,04/10/26,05/21/26,,E. GONZALEZ,,PANEL BU 4/3,,,,,,,,,,,,,,,,,,,,,,,,,,,,,,,,,,,,,,,,,,,,,,,,,,,,,,,,,,,,,,,,,,,,,,,,,
10549,TRP-FA3,1,4N093,Onskid,04/01/26,04/10/26,05/07/26,,M. RUGNETA,TEST STA  14,PANEL BU 4/3,BRANDING DONE,,,,,,,,,,,,,,,,,,,,,,,,,,,,,,,,,,,,,,,,,,,,,,,,,,,,,,,,,,,,,,,,,,,,,,,,
10531,STOCK,6,ANG01,Onskid,04/02/26,04/13/26,04/28/26,,M. RUGNETA,,PANEL BU 4/3,BRANDING DONE  A.5_M.4,,,,,,,,,,,,,,,,,,,,,,,,,,,,,,,,,,,,,,,,,,,,,,,,,,,,,,,,,,,,,,,,,,,,,,,,
10547,ENI-K,2,4M511,NTB,04/02/26,04/13/26,04/23/26,,M. ANDREWS,TEST STA  5-6,PANEL BU 4/3,"BRANDING DONE  IS Encl, Redundant Pwr Supply",,,,,,,,,,,,,,,,,,,,,,,,,,,,,,,,,,,,,,,,,,,,,,,,,,,,,,,,,,,,,,,,,,,,,,,,
10544,TALOS EW1003,1,J1640CC,Offskid,04/03/26,04/14/26,04/23/26,,M. ANDREWS,,PANEL BU 4/3,  BRANDING DONE FULLY LOAD 2 BAY ,,,,,,,,,,,,,,,,,,,,,,,,,,,,,,,,,,,,,,,,,,,,,,,,,,,,,,,,,,,,,,,,,,,,,,,,
10545,TALOS EW1003,2,J1640CC,Offskid,04/03/26,04/14/26,04/23/26,,M. ANDREWS,,READY TO LAY 4/3, BRANDING DONE FULLY LOAD 2 BAY ,,,,,,,,,,,,,,,,,,,,,,,,,,,,,,,,,,,,,,,,,,,,,,,,,,,,,,,,,,,,,,,,,,,,,,,,
10497,STOCK2,3,ANG02,Onskid,04/06/26,04/15/26,04/27/26,,E. GONZALEZ,,PANEL BU 4/3,READY TO BRAND Can use ANG01#6 A.5_M.4 Brandlist,,,,,,,,,,,,,,,,,,,,,,,,,,,,,,,,,,,,,,,,,,,,,,,,,,,,,,,,,,,,,,,,,,,,,,,,
10550,S60-86,1,4N671,Onskid,04/08/26,04/17/26,04/24/26,,E. GONZALEZ,,,BRANDLIST WIP (MALCOLM) SHORTAGES: QTY. 1 P/N 1021502 (SWITCH),,,,,,,,,,,,,,,,,,,,,,,,,,,,,,,,,,,,,,,,,,,,,,,,,,,,,,,,,,,,,,,,,,,,,,,,
10551,S60-87,1,4N681,Onskid,04/08/26,04/17/26,04/30/26,,E. GONZALEZ,,,"SHORTAGES: 1) QTY. 1 P/N 1021502 (SWITCH), QTY. 1 P/N 2127397-2",,,,,,,,,,,,,,,,,,,,,,,,,,,,,,,,,,,,,,,,,,,,,,,,,,,,,,,,,,,,,,,,,,,,,,,,
KITTING,,,,,,,,,,,,,`,,,,,,,,,,,,,,,,,,,,,,,,,,,,,,,,,,,,,,,,,,,,,,,,,,,,,,,,,,,,,,,,,,,,,,,
CM #,CUSTOMER,UNIT,PD,LWC,PLAN CONLAY,CONASSY,ORIG COMMIT,CONCUS,PRODUCTION PLANNER,UNIT LOCATION,STATUS,NOTES,,,,,,,,,,,,,,,,,,,,,,,,,,,,,,,,,,,,,,,,,,,,,,,,,,,,,,,,,,,,,,,,,,,,,,,,
10555,LT2E-SC,1,4M368CS,Offskid,04/09/26,04/20/26,04/29/26,,,,KITTING WIP,BRANDLIST WIP JADACIE,,,,,,,,,,,,,,,,,,,,,,,,,,,,,,,,,,,,,,,,,,,,,,,,,,,,,,,,,,,,,,,,,,,,,,,,
UPCOMING PROJECTS,,,,,,,,,,,,,,,,,,,,,,,,,,,,,,,,,,,,,,,,,,,,,,,,,,,,,,,,,,,,,,,,,,,,,,,,,,,,,,,,,,,,
CM #,CUSTOMER,UNIT,PD,LWC,PLAN CONLAY,CONASSY,ORIG COMMIT,CONCUS,PRODUCTION PLANNER,UNIT LOCATION,STATUS,NOTES,,,,,,,,,,,,,,,,,,,,,,,,,,,,,,,,,,,,,,,,,,,,,,,,,,,,,,,,,,,,,,,,,,,,,,,,
,STKAE1,1,AED01,Onskid,04/08/26,04/17/26,04/29/26,,,,,NO LEGAL 4/1,,,,,,,,,,,,,,,,,,,,,,,,,,,,,,,,,,,,,,,,,,,,,,,,,,,,,,,,,,,,,,,,,,,,,,,,
10498,STOCK2,4,ANG02,Onskid,04/10/26,04/21/26,04/30/26,,,,,,,,,,,,,,,,,,,,,,,,,,,,,,,,,,,,,,,,,,,,,,,,,,,,,,,,,,,,,,,,,,,,,,,,,,,,,
10552,S60-88,1,4N691,Onskid,04/10/26,04/21/26,04/09/26,,,,,,,,,,,,,,,,,,,,,,,,,,,,,,,,,,,,,,,,,,,,,,,,,,,,,,,,,,,,,,,,,,,,,,,,,,,,,
10553,S60-89,1,4N701,Onskid,04/10/26,04/21/26,04/15/26,,,,,,,,,,,,,,,,,,,,,,,,,,,,,,,,,,,,,,,,,,,,,,,,,,,,,,,,,,,,,,,,,,,,,,,,,,,,,
10532,STOCK,7,ANG01,Onskid,04/13/26,04/22/26,05/01/26,,,,,,,,,,,,,,,,,,,,,,,,,,,,,,,,,,,,,,,,,,,,,,,,,,,,,,,,,,,,,,,,,,,,,,,,,,,,,
10209,MER-SOL,12,4M371,Onskid,04/13/26,04/22/26,05/04/26,,,,,Brandlist WIP Rev. B.14_M.1,,,,,,,,,,,,,,,,,,,,,,,,,,,,,,,,,,,,,,,,,,,,,,,,,,,,,,,,,,,,,,,,,,,,,,,,
,BBS-BO2,1,4P013,NTB,04/13/26,04/22/26,05/04/26,,,,,,,,,,,,,,,,,,,,,,,,,,,,,,,,,,,,,,,,,,,,,,,,,,,,,,,,,,,,,,,,,,,,,,,,,,,,,
10518,DTE-CAL,1,4K761,Onskid,04/14/26,04/23/26,05/04/26,,,,,BRANDING,,,,,,,,,,,,,,,,,,,,,,,,,,,,,,,,,,,,,,,,,,,,,,,,,,,,,,,,,,,,,,,,,,,,,,,,
10512,PROP-91,1,4M221,Onskid,04/14/26,04/23/26,05/29/26,,,,,,,,,,,,,,,,,,,,,,,,,,,,,,,,,,,,,,,,,,,,,,,,,,,,,,,,,,,,,,,,,,,,,,,,,,,,,
,TRP-NWY,1,4M576,Onskid,04/14/26,04/23/26,05/05/26,,,,,,,,,,,,,,,,,,,,,,,,,,,,,,,,,,,,,,,,,,,,,,,,,,,,,,,,,,,,,,,,,,,,,,,,,,,,,
,VEST-B,1,4P271,Onskid,04/16/26,04/27/26,05/12/26,,,,,,,,,,,,,,,,,,,,,,,,,,,,,,,,,,,,,,,,,,,,,,,,,,,,,,,,,,,,,,,,,,,,,,,,,,,,,
,WOODSIDE GOODWYNN,1,J1848CS,Offskid,04/16/26,04/27/26,05/06/26,,,,,,,,,,,,,,,,,,,,,,,,,,,,,,,,,,,,,,,,,,,,,,,,,,,,,,,,,,,,,,,,,,,,,,,,,,,,,
10519,DTE-CAL,2,4K761,Onskid,04/17/26,04/28/26,05/07/26,,,,,NEED BRANDLIST ,,,,,,,,,,,,,,,,,,,,,,,,,,,,,,,,,,,,,,,,,,,,,,,,,,,,,,,,,,,,,,,,,,,,,,,,
10533,STOCK,8,ANG01,Onskid,04/17/26,04/28/26,05/12/26,,,,,,,,,,,,,,,,,,,,,,,,,,,,,,,,,,,,,,,,,,,,,,,,,,,,,,,,,,,,,,,,,,,,,,,,,,,,,
,BBS-B2,1,4P012,NTB,04/17/26,04/28/26,05/08/26,,,,,,,,,,,,,,,,,,,,,,,,,,,,,,,,,,,,,,,,,,,,,,,,,,,,,,,,,,,,,,,,,,,,,,,,,,,,,
10499,STOCK2,5,ANG02,Onskid,04/20/26,04/29/26,05/08/26,,,,,,,,,,,,,,,,,,,,,,,,,,,,,,,,,,,,,,,,,,,,,,,,,,,,,,,,,,,,,,,,,,,,,,,,,,,,,
,SHL-GMM,1,4M501,NTB,04/20/26,04/29/26,05/11/26,,,,,,,,,,,,,,,,,,,,,,,,,,,,,,,,,,,,,,,,,,,,,,,,,,,,,,,,,,,,,,,,,,,,,,,,,,,,,
,BOTAS-K,1,4M801,NTB,04/21/26,04/30/26,05/11/26,,,,,,,,,,,,,,,,,,,,,,,,,,,,,,,,,,,,,,,,,,,,,,,,,,,,,,,,,,,,,,,,,,,,,,,,,,,,,
,BOTAS-K,2,4M801,NTB,04/21/26,04/30/26,05/14/26,,,,,,,,,,,,,,,,,,,,,,,,,,,,,,,,,,,,,,,,,,,,,,,,,,,,,,,,,,,,,,,,,,,,,,,,,,,,,
,WWM-BWSC,1,4N117CS,Offskid,04/21/26,04/30/26,05/11/26,,,,,,,,,,,,,,,,,,,,,,,,,,,,,,,,,,,,,,,,,,,,,,,,,,,,,,,,,,,,,,,,,,,,,,,,,,,,,
,TCM-70,1,4P441,Onskid,04/22/26,05/01/26,05/08/26,,,,,,,,,,,,,,,,,,,,,,,,,,,,,,,,,,,,,,,,,,,,,,,,,,,,,,,,,,,,,,,,,,,,,,,,,,,,,
,ONE-E1,1,4N711,NTB,04/22/26,05/01/26,05/14/26,,,,,,,,,,,,,,,,,,,,,,,,,,,,,,,,,,,,,,,,,,,,,,,,,,,,,,,,,,,,,,,,,,,,,,,,,,,,,
,STOCK,2,AED01,Onskid,04/22/26,05/01/26,05/15/26,,,,,,,,,,,,,,,,,,,,,,,,,,,,,,,,,,,,,,,,,,,,,,,,,,,,,,,,,,,,,,,,,,,,,,,,,,,,,
,VOLTAGD,1,4M891,Onskid,04/23/26,05/04/26,05/13/26,,,,,,,,,,,,,,,,,,,,,,,,,,,,,,,,,,,,,,,,,,,,,,,,,,,,,,,,,,,,,,,,,,,,,,,,,,,,,
,BBS-BE2,1,4P011,NTB,04/23/26,05/04/26,05/13/26,,,,,,,,,,,,,,,,,,,,,,,,,,,,,,,,,,,,,,,,,,,,,,,,,,,,,,,,,,,,,,,,,,,,,,,,,,,,,
,PROP-92,1,4M231,Onskid,04/23/26,05/04/26,06/05/26,,,,,,,,,,,,,,,,,,,,,,,,,,,,,,,,,,,,,,,,,,,,,,,,,,,,,,,,,,,,,,,,,,,,,,,,,,,,,
,SHL-GMM,2,4M501,NTB,04/24/26,05/05/26,05/14/26,,,,,,,,,,,,,,,,,,,,,,,,,,,,,,,,,,,,,,,,,,,,,,,,,,,,,,,,,,,,,,,,,,,,,,,,,,,,,
,WP-HAR STA,1,4M047CS,Offskid,04/24/26,05/05/26,05/14/26,,,,,,,,,,,,,,,,,,,,,,,,,,,,,,,,,,,,,,,,,,,,,,,,,,,,,,,,,,,,,,,,,,,,,,,,,,,,,
,PENDING-A,1,J2310CC,New,04/24/26,05/05/26,,,,,,,,,,,,,,,,,,,,,,,,,,,,,,,,,,,,,,,,,,,,,,,,,,,,,,,,,,,,,,,,,,,,,,,,,,,,,,
,TCM-70,1,4P441,Onskid,04/27/26,05/06/26,05/08/26,,,,,,,,,,,,,,,,,,,,,,,,,,,,,,,,,,,,,,,,,,,,,,,,,,,,,,,,,,,,,,,,,,,,,,,,,,,,,
,WWM-WSC,1,4N127CS,Offskid,04/27/26,05/06/26,05/15/26,,,,,,,,,,,,,,,,,,,,,,,,,,,,,,,,,,,,,,,,,,,,,,,,,,,,,,,,,,,,,,,,,,,,,,,,,,,,,
,MER-SOL,13,4M371,Onskid,04/27/26,05/06/26,05/18/26,,,,,,,,,,,,,,,,,,,,,,,,,,,,,,,,,,,,,,,,,,,,,,,,,,,,,,,,,,,,,,,,,,,,,,,,,,,,,
,VOLTAGD,2,4M891,Onskid,04/28/26,05/07/26,05/18/26,,,,,,,,,,,,,,,,,,,,,,,,,,,,,,,,,,,,,,,,,,,,,,,,,,,,,,,,,,,,,,,,,,,,,,,,,,,,,
10534,STOCK,9,ANG01,Onskid,04/28/26,05/07/26,05/18/26,,,,,,,,,,,,,,,,,,,,,,,,,,,,,,,,,,,,,,,,,,,,,,,,,,,,,,,,,,,,,,,,,,,,,,,,,,,,,
,PERT LIMAU,1,J1970CC,New,04/28/26,05/07/26,05/15/26,,,,,,,,,,,,,,,,,,,,,,,,,,,,,,,,,,,,,,,,,,,,,,,,,,,,,,,,,,,,,,,,,,,,,,,,,,,,,
,STOCK,3,AED01,Onskid,04/29/26,05/08/26,05/21/26,,,,,,,,,,,,,,,,,,,,,,,,,,,,,,,,,,,,,,,,,,,,,,,,,,,,,,,,,,,,,,,,,,,,,,,,,,,,,
