mw-file-description href	mw-file-description src	gallerytext	galleryfilename
https://commons.wikimedia.org/wiki/File:42_Silicon_Valley_Logo.svg	https://upload.wikimedia.org/wikipedia/commons/thumb/a/a8/42_Silicon_Valley_Logo.svg/120px-42_Silicon_Valley_Logo.svg.png	512 × 154; 3 KB	42 Silicon Valley Logo.svg
https://commons.wikimedia.org/wiki/File:Alabama_State_University_wordmark.svg	https://upload.wikimedia.org/wikipedia/commons/thumb/2/29/Alabama_State_University_wordmark.svg/120px-Alabama_State_University_wordmark.svg.png	300 × 121; 5 KB	Alabama State University wordmark.svg
https://commons.wikimedia.org/wiki/File:Alabama-Huntsville_UAH_logo_cropped.svg	https://upload.wikimedia.org/wikipedia/commons/thumb/9/97/Alabama-Huntsville_UAH_logo_cropped.svg/120px-Alabama-Huntsville_UAH_logo_cropped.svg.png	187 × 57; 2 KB	Alabama-Huntsville UAH logo cropped.svg
https://commons.wikimedia.org/wiki/File:Alabama-Huntsville_UAH_logo.svg	https://upload.wikimedia.org/wikipedia/commons/thumb/1/1e/Alabama-Huntsville_UAH_logo.svg/120px-Alabama-Huntsville_UAH_logo.svg.png	253 × 101; 6 KB	Alabama-Huntsville UAH logo.svg
https://commons.wikimedia.org/wiki/File:American_Public_University_System_logo.svg	https://upload.wikimedia.org/wikipedia/commons/thumb/c/cc/American_Public_University_System_logo.svg/120px-American_Public_University_System_logo.svg.png	512 × 54; 20 KB	American Public University System logo.svg
https://commons.wikimedia.org/wiki/File:American_University_logo.svg	https://upload.wikimedia.org/wikipedia/commons/thumb/c/c6/American_University_logo.svg/120px-American_University_logo.svg.png	226 × 70; 23 KB	American University logo.svg
https://commons.wikimedia.org/wiki/File:Ashland_University_logo.svg	https://upload.wikimedia.org/wikipedia/commons/thumb/c/ce/Ashland_University_logo.svg/120px-Ashland_University_logo.svg.png	250 × 62; 4 KB	Ashland University logo.svg
https://commons.wikimedia.org/wiki/File:Baldwin_Wallace_University.svg	https://upload.wikimedia.org/wikipedia/commons/thumb/7/78/Baldwin_Wallace_University.svg/120px-Baldwin_Wallace_University.svg.png	304 × 304; 12 KB	Baldwin Wallace University.svg
https://commons.wikimedia.org/wiki/File:Ballard_Center.svg	https://upload.wikimedia.org/wikipedia/commons/thumb/e/e0/Ballard_Center.svg/120px-Ballard_Center.svg.png	171 × 80; 7 KB	Ballard Center.svg
https://commons.wikimedia.org/wiki/File:Bellevue_University_logo.svg	https://upload.wikimedia.org/wikipedia/commons/thumb/0/0c/Bellevue_University_logo.svg/120px-Bellevue_University_logo.svg.png	512 × 98; 8 KB	Bellevue University logo.svg
https://commons.wikimedia.org/wiki/File:Bentley_University_logo.svg	https://upload.wikimedia.org/wikipedia/commons/thumb/a/a1/Bentley_University_logo.svg/120px-Bentley_University_logo.svg.png	223 × 65; 5 KB	Bentley University logo.svg
https://commons.wikimedia.org/wiki/File:BGSU_Firelands_wordmark.svg	https://upload.wikimedia.org/wikipedia/commons/thumb/b/b5/BGSU_Firelands_wordmark.svg/120px-BGSU_Firelands_wordmark.svg.png	512 × 55; 4 KB	BGSU Firelands wordmark.svg
https://commons.wikimedia.org/wiki/File:Bhu-logo-wiki.svg	https://upload.wikimedia.org/wikipedia/commons/thumb/b/ba/Bhu-logo-wiki.svg/120px-Bhu-logo-wiki.svg.png	512 × 512; 431 KB	Bhu-logo-wiki.svg
https://commons.wikimedia.org/wiki/File:Bowling_Green_State_University_wordmark.svg	https://upload.wikimedia.org/wikipedia/commons/thumb/3/3f/Bowling_Green_State_University_wordmark.svg/120px-Bowling_Green_State_University_wordmark.svg.png	450 × 135; 2 KB	Bowling Green State University wordmark.svg
https://commons.wikimedia.org/wiki/File:Brigham_Young_University%E2%80%93Idaho_logo.svg	https://upload.wikimedia.org/wikipedia/commons/thumb/7/7c/Brigham_Young_University%E2%80%93Idaho_logo.svg/120px-Brigham_Young_University%E2%80%93Idaho_logo.svg.png	99 × 58; 6 KB	Brigham Young University–Idaho logo.svg
https://commons.wikimedia.org/wiki/File:Brown_University_logo.svg	https://upload.wikimedia.org/wikipedia/commons/thumb/a/a1/Brown_University_logo.svg/120px-Brown_University_logo.svg.png	205 × 37; 3 KB	Brown University logo.svg
https://commons.wikimedia.org/wiki/File:Brown_University_old_logo.svg	https://upload.wikimedia.org/wikipedia/commons/thumb/f/fd/Brown_University_old_logo.svg/120px-Brown_University_old_logo.svg.png	2,377 × 448; 29 KB	Brown University old logo.svg
https://commons.wikimedia.org/wiki/File:Buffalo_State_College_text_logo.svg	https://upload.wikimedia.org/wikipedia/commons/thumb/f/f5/Buffalo_State_College_text_logo.svg/120px-Buffalo_State_College_text_logo.svg.png	213 × 47; 47 KB	Buffalo State College text logo.svg
https://commons.wikimedia.org/wiki/File:BYU_Header.svg	https://upload.wikimedia.org/wikipedia/commons/thumb/0/0c/BYU_Header.svg/120px-BYU_Header.svg.png	313 × 148; 16 KB	BYU Header.svg
https://commons.wikimedia.org/wiki/File:BYU_Marriott_School_of_Management_logo.svg	https://upload.wikimedia.org/wikipedia/commons/thumb/c/c9/BYU_Marriott_School_of_Management_logo.svg/120px-BYU_Marriott_School_of_Management_logo.svg.png	170 × 70; 20 KB	BYU Marriott School of Management logo.svg
https://commons.wikimedia.org/wiki/File:Cal_Poly_Pomona_self-made_name_tag.svg	https://upload.wikimedia.org/wikipedia/commons/thumb/6/65/Cal_Poly_Pomona_self-made_name_tag.svg/120px-Cal_Poly_Pomona_self-made_name_tag.svg.png	181 × 110; 20 KB	Cal Poly Pomona self-made name tag.svg
https://commons.wikimedia.org/wiki/File:Cal_Poly_tag_(2).svg	https://upload.wikimedia.org/wikipedia/commons/thumb/c/c3/Cal_Poly_tag_%282%29.svg/120px-Cal_Poly_tag_%282%29.svg.png	591 × 229; 16 KB	Cal Poly tag (2).svg
https://commons.wikimedia.org/wiki/File:Cal_Poly_tag.svg	https://upload.wikimedia.org/wikipedia/commons/thumb/a/ad/Cal_Poly_tag.svg/120px-Cal_Poly_tag.svg.png	595 × 180; 14 KB	Cal Poly tag.svg
https://commons.wikimedia.org/wiki/File:California_State_University,_Long_Beach.svg	https://upload.wikimedia.org/wikipedia/commons/thumb/9/94/California_State_University%2C_Long_Beach.svg/120px-California_State_University%2C_Long_Beach.svg.png	667 × 78; 17 KB	California State University, Long Beach.svg
https://commons.wikimedia.org/wiki/File:Caltech_Logo.svg	https://upload.wikimedia.org/wikipedia/commons/thumb/7/75/Caltech_Logo.svg/120px-Caltech_Logo.svg.png	208 × 50; 4 KB	Caltech Logo.svg
https://commons.wikimedia.org/wiki/File:Carnegie_Mellon_University_wordmark.svg	https://upload.wikimedia.org/wikipedia/commons/thumb/f/f3/Carnegie_Mellon_University_wordmark.svg/120px-Carnegie_Mellon_University_wordmark.svg.png	179 × 16; 13 KB	Carnegie Mellon University wordmark.svg
https://commons.wikimedia.org/wiki/File:Christopher_Newport_University_(logo).svg	https://upload.wikimedia.org/wikipedia/commons/thumb/0/0c/Christopher_Newport_University_%28logo%29.svg/120px-Christopher_Newport_University_%28logo%29.svg.png	760 × 230; 29 KB	Christopher Newport University (logo).svg
https://commons.wikimedia.org/wiki/File:Clark_Atlanta_University_wordmark.svg	https://upload.wikimedia.org/wikipedia/commons/thumb/5/59/Clark_Atlanta_University_wordmark.svg/120px-Clark_Atlanta_University_wordmark.svg.png	250 × 180; 9 KB	Clark Atlanta University wordmark.svg
https://commons.wikimedia.org/wiki/File:Clemson_University_Wordmark.svg	https://upload.wikimedia.org/wikipedia/commons/thumb/4/47/Clemson_University_Wordmark.svg/120px-Clemson_University_Wordmark.svg.png	269 × 71; 13 KB	Clemson University Wordmark.svg
https://commons.wikimedia.org/wiki/File:Colgate_University_Wordmark_2018.svg	https://upload.wikimedia.org/wikipedia/commons/thumb/e/ea/Colgate_University_Wordmark_2018.svg/120px-Colgate_University_Wordmark_2018.svg.png	512 × 30; 4 KB	Colgate University Wordmark 2018.svg
https://commons.wikimedia.org/wiki/File:Colgate_University_wordmark.svg	https://upload.wikimedia.org/wikipedia/commons/thumb/2/2a/Colgate_University_wordmark.svg/120px-Colgate_University_wordmark.svg.png	300 × 44; 13 KB	Colgate University wordmark.svg
https://commons.wikimedia.org/wiki/File:College_of_Computing_GTGold_RGB_2021_SVG.svg	https://upload.wikimedia.org/wikipedia/commons/thumb/6/63/College_of_Computing_GTGold_RGB_2021_SVG.svg/120px-College_of_Computing_GTGold_RGB_2021_SVG.svg.png	512 × 202; 10 KB	College of Computing GTGold RGB 2021 SVG.svg
https://commons.wikimedia.org/wiki/File:College_of_the_University_of_Chicago.svg	https://upload.wikimedia.org/wikipedia/commons/thumb/a/a9/College_of_the_University_of_Chicago.svg/120px-College_of_the_University_of_Chicago.svg.png	720 × 205; 10 KB	College of the University of Chicago.svg
https://commons.wikimedia.org/wiki/File:Colorado_Technical_University_wordmark.svg	https://upload.wikimedia.org/wikipedia/commons/thumb/e/e8/Colorado_Technical_University_wordmark.svg/120px-Colorado_Technical_University_wordmark.svg.png	306 × 35; 15 KB	Colorado Technical University wordmark.svg
https://commons.wikimedia.org/wiki/File:Coppin_State_University_wordmark_logo_2021.svg	https://upload.wikimedia.org/wikipedia/commons/thumb/f/f2/Coppin_State_University_wordmark_logo_2021.svg/120px-Coppin_State_University_wordmark_logo_2021.svg.png	261 × 105; 19 KB	Coppin State University wordmark logo 2021.svg
https://commons.wikimedia.org/wiki/File:Cornell_University_logo.svg	https://upload.wikimedia.org/wikipedia/commons/thumb/4/4b/Cornell_University_logo.svg/120px-Cornell_University_logo.svg.png	152 × 20; 18 KB	Cornell University logo.svg
https://commons.wikimedia.org/wiki/File:Covenant_Theological_Seminary_logo_2018.svg	https://upload.wikimedia.org/wikipedia/commons/thumb/d/d4/Covenant_Theological_Seminary_logo_2018.svg/120px-Covenant_Theological_Seminary_logo_2018.svg.png	512 × 146; 13 KB	Covenant Theological Seminary logo 2018.svg
https://commons.wikimedia.org/wiki/File:CUNEAcademic_Logo_Left_Color.svg	https://upload.wikimedia.org/wikipedia/commons/thumb/8/83/CUNEAcademic_Logo_Left_Color.svg/120px-CUNEAcademic_Logo_Left_Color.svg.png	377 × 83; 176 KB	CUNEAcademic Logo Left Color.svg
https://commons.wikimedia.org/wiki/File:Dakota_State_University_logo.svg	https://upload.wikimedia.org/wikipedia/commons/thumb/9/92/Dakota_State_University_logo.svg/120px-Dakota_State_University_logo.svg.png	300 × 87; 14 KB	Dakota State University logo.svg
https://commons.wikimedia.org/wiki/File:David_Geffen_School_of_Medicine_logo.svg	https://upload.wikimedia.org/wikipedia/commons/thumb/b/b4/David_Geffen_School_of_Medicine_logo.svg/120px-David_Geffen_School_of_Medicine_logo.svg.png	379 × 36; 17 KB	David Geffen School of Medicine logo.svg
https://commons.wikimedia.org/wiki/File:Denison_University_logo.svg	https://upload.wikimedia.org/wikipedia/commons/thumb/c/cb/Denison_University_logo.svg/120px-Denison_University_logo.svg.png	512 × 89; 4 KB	Denison University logo.svg
https://commons.wikimedia.org/wiki/File:DeVry_University_logo.svg	https://upload.wikimedia.org/wikipedia/commons/thumb/b/b7/DeVry_University_logo.svg/120px-DeVry_University_logo.svg.png	246 × 29; 9 KB	DeVry University logo.svg
https://commons.wikimedia.org/wiki/File:Drew_University_logo.svg	https://upload.wikimedia.org/wikipedia/commons/thumb/9/94/Drew_University_logo.svg/120px-Drew_University_logo.svg.png	237 × 57; 1 KB	Drew University logo.svg
https://commons.wikimedia.org/wiki/File:Duke_University_wordmark_full_gothic.svg	https://upload.wikimedia.org/wikipedia/commons/thumb/4/4b/Duke_University_wordmark_full_gothic.svg/120px-Duke_University_wordmark_full_gothic.svg.png	512 × 72; 10 KB	Duke University wordmark full gothic.svg
https://commons.wikimedia.org/wiki/File:Duke_University_wordmark_heart.svg	https://upload.wikimedia.org/wikipedia/commons/thumb/f/f6/Duke_University_wordmark_heart.svg/120px-Duke_University_wordmark_heart.svg.png	512 × 137; 3 KB	Duke University wordmark heart.svg
https://commons.wikimedia.org/wiki/File:Fermilab_Logo.svg	https://upload.wikimedia.org/wikipedia/commons/thumb/c/ca/Fermilab_Logo.svg/120px-Fermilab_Logo.svg.png	564 × 102; 6 KB	Fermilab Logo.svg
https://commons.wikimedia.org/wiki/File:Florida_A%26M_logo.svg	https://upload.wikimedia.org/wikipedia/commons/thumb/8/8d/Florida_A%26M_logo.svg/120px-Florida_A%26M_logo.svg.png	512 × 107; 25 KB	Florida A&M logo.svg
https://commons.wikimedia.org/wiki/File:Florida_A%26M_University_logo.svg	https://upload.wikimedia.org/wikipedia/commons/thumb/a/a6/Florida_A%26M_University_logo.svg/120px-Florida_A%26M_University_logo.svg.png	250 × 30; 17 KB	Florida A&M University logo.svg
https://commons.wikimedia.org/wiki/File:Fuqua_School_of_Business_logo_square_full.svg	https://upload.wikimedia.org/wikipedia/commons/thumb/0/00/Fuqua_School_of_Business_logo_square_full.svg/120px-Fuqua_School_of_Business_logo_square_full.svg.png	400 × 400; 11 KB	Fuqua School of Business logo square full.svg
https://commons.wikimedia.org/wiki/File:Fuqua_School_of_Business_logo_square_simple.svg	https://upload.wikimedia.org/wikipedia/commons/thumb/9/90/Fuqua_School_of_Business_logo_square_simple.svg/120px-Fuqua_School_of_Business_logo_square_simple.svg.png	400 × 400; 5 KB	Fuqua School of Business logo square simple.svg
https://commons.wikimedia.org/wiki/File:Gallaudet_University_logo.svg	https://upload.wikimedia.org/wikipedia/commons/thumb/9/9f/Gallaudet_University_logo.svg/120px-Gallaudet_University_logo.svg.png	362 × 144; 10 KB	Gallaudet University logo.svg
https://commons.wikimedia.org/wiki/File:George_Washington_University_wordmark.svg	https://upload.wikimedia.org/wikipedia/commons/thumb/d/da/George_Washington_University_wordmark.svg/120px-George_Washington_University_wordmark.svg.png	182 × 139; 8 KB	George Washington University wordmark.svg
https://commons.wikimedia.org/wiki/File:Georgetown_University_Logotype.svg	https://upload.wikimedia.org/wikipedia/commons/thumb/9/99/Georgetown_University_Logotype.svg/120px-Georgetown_University_Logotype.svg.png	330 × 70; 36 KB	Georgetown University Logotype.svg
https://commons.wikimedia.org/wiki/File:Georgia_State_University_Logo.svg	https://upload.wikimedia.org/wikipedia/commons/thumb/6/6c/Georgia_State_University_Logo.svg/120px-Georgia_State_University_Logo.svg.png	716 × 584; 19 KB	Georgia State University Logo.svg
https://commons.wikimedia.org/wiki/File:Georgia_Tech_logo_2021.svg	https://upload.wikimedia.org/wikipedia/commons/thumb/9/93/Georgia_Tech_logo_2021.svg/120px-Georgia_Tech_logo_2021.svg.png	512 × 115; 15 KB	Georgia Tech logo 2021.svg
https://commons.wikimedia.org/wiki/File:Georgia_Tech_logo.svg	https://upload.wikimedia.org/wikipedia/commons/thumb/c/c6/Georgia_Tech_logo.svg/120px-Georgia_Tech_logo.svg.png	157 × 69; 3 KB	Georgia Tech logo.svg
https://commons.wikimedia.org/wiki/File:Harding_University_userbox_image.svg	https://upload.wikimedia.org/wikipedia/commons/thumb/7/72/Harding_University_userbox_image.svg/120px-Harding_University_userbox_image.svg.png	29 × 28; 2 KB	Harding University userbox image.svg
https://commons.wikimedia.org/wiki/File:Heidelberg_h.svg	https://upload.wikimedia.org/wikipedia/commons/thumb/e/e3/Heidelberg_h.svg/120px-Heidelberg_h.svg.png	261 × 276; 2 KB	Heidelberg h.svg
https://commons.wikimedia.org/wiki/File:IUP_logo.svg	https://upload.wikimedia.org/wikipedia/commons/thumb/2/20/IUP_logo.svg/120px-IUP_logo.svg.png	512 × 204; 2 KB	IUP logo.svg
https://commons.wikimedia.org/wiki/File:Jefferson_Community_College_Logo_SUNY.svg	https://upload.wikimedia.org/wikipedia/commons/thumb/3/3f/Jefferson_Community_College_Logo_SUNY.svg/120px-Jefferson_Community_College_Logo_SUNY.svg.png	512 × 251; 14 KB	Jefferson Community College Logo SUNY.svg
https://commons.wikimedia.org/wiki/File:Jefferson_logo_2017.svg	https://upload.wikimedia.org/wikipedia/commons/thumb/9/9e/Jefferson_logo_2017.svg/120px-Jefferson_logo_2017.svg.png	350 × 127; 24 KB	Jefferson logo 2017.svg
https://commons.wikimedia.org/wiki/File:JJCJ_logo.svg	https://upload.wikimedia.org/wikipedia/commons/thumb/4/4e/JJCJ_logo.svg/120px-JJCJ_logo.svg.png	162 × 117; 4 KB	JJCJ logo.svg
https://commons.wikimedia.org/wiki/File:Keck_School_of_Medicine_logo.svg	https://upload.wikimedia.org/wikipedia/commons/thumb/1/13/Keck_School_of_Medicine_logo.svg/120px-Keck_School_of_Medicine_logo.svg.png	148 × 40; 21 KB	Keck School of Medicine logo.svg
https://commons.wikimedia.org/wiki/File:Kent_State_University_Logo.svg	https://upload.wikimedia.org/wikipedia/commons/thumb/6/6f/Kent_State_University_Logo.svg/120px-Kent_State_University_Logo.svg.png	893 × 265; 58 KB	Kent State University Logo.svg
https://commons.wikimedia.org/wiki/File:La_Salle_University_Logotype.svg	https://upload.wikimedia.org/wikipedia/commons/thumb/c/ce/La_Salle_University_Logotype.svg/120px-La_Salle_University_Logotype.svg.png	300 × 78; 14 KB	La Salle University Logotype.svg
https://commons.wikimedia.org/wiki/File:Laboratory_for_Laser_Energetics_logo_blue.svg	https://upload.wikimedia.org/wikipedia/commons/thumb/4/45/Laboratory_for_Laser_Energetics_logo_blue.svg/120px-Laboratory_for_Laser_Energetics_logo_blue.svg.png	512 × 211; 3 KB	Laboratory for Laser Energetics logo blue.svg
https://commons.wikimedia.org/wiki/File:Lamar_University_logo.svg	https://upload.wikimedia.org/wikipedia/commons/thumb/e/ef/Lamar_University_logo.svg/120px-Lamar_University_logo.svg.png	250 × 45; 3 KB	Lamar University logo.svg
https://commons.wikimedia.org/wiki/File:Lesley_University_logo.svg	https://upload.wikimedia.org/wikipedia/commons/thumb/e/e0/Lesley_University_logo.svg/120px-Lesley_University_logo.svg.png	300 × 83; 3 KB	Lesley University logo.svg
https://commons.wikimedia.org/wiki/File:Logan_University_logo_2019_-_color.svg	https://upload.wikimedia.org/wikipedia/commons/thumb/c/cc/Logan_University_logo_2019_-_color.svg/120px-Logan_University_logo_2019_-_color.svg.png	512 × 316; 31 KB	Logan University logo 2019 - color.svg
https://commons.wikimedia.org/wiki/File:Logo_Cleveland_Institute_of_Music.svg	https://upload.wikimedia.org/wikipedia/commons/thumb/2/2b/Logo_Cleveland_Institute_of_Music.svg/120px-Logo_Cleveland_Institute_of_Music.svg.png	600 × 135; 26 KB	Logo Cleveland Institute of Music.svg
https://commons.wikimedia.org/wiki/File:Logo_of_American_National_University.svg	https://upload.wikimedia.org/wikipedia/commons/thumb/6/6e/Logo_of_American_National_University.svg/120px-Logo_of_American_National_University.svg.png	512 × 142; 12 KB	Logo of American National University.svg
https://commons.wikimedia.org/wiki/File:Logo_of_Western_New_England_University.svg	https://upload.wikimedia.org/wikipedia/commons/thumb/e/ea/Logo_of_Western_New_England_University.svg/120px-Logo_of_Western_New_England_University.svg.png	441 × 41; 25 KB	Logo of Western New England University.svg
https://commons.wikimedia.org/wiki/File:Logo_of_Westfield_State_University.svg	https://upload.wikimedia.org/wikipedia/commons/thumb/3/3e/Logo_of_Westfield_State_University.svg/120px-Logo_of_Westfield_State_University.svg.png	236 × 93; 18 KB	Logo of Westfield State University.svg
https://commons.wikimedia.org/wiki/File:Los_Angeles_Pierce_College_logo.svg	https://upload.wikimedia.org/wikipedia/commons/thumb/f/fb/Los_Angeles_Pierce_College_logo.svg/120px-Los_Angeles_Pierce_College_logo.svg.png	433 × 80; 34 KB	Los Angeles Pierce College logo.svg
https://commons.wikimedia.org/wiki/File:March_On!.svg	https://upload.wikimedia.org/wikipedia/commons/thumb/6/68/March_On%21.svg/120px-March_On%21.svg.png	144 × 29; 13 KB	March On!.svg
https://commons.wikimedia.org/wiki/File:Massachusetts_Maritime_Academy_logo.svg	https://upload.wikimedia.org/wikipedia/commons/thumb/e/e3/Massachusetts_Maritime_Academy_logo.svg/120px-Massachusetts_Maritime_Academy_logo.svg.png	331 × 47; 53 KB	Massachusetts Maritime Academy logo.svg
https://commons.wikimedia.org/wiki/File:Medill-Northwestern-Logo.svg	https://upload.wikimedia.org/wikipedia/commons/thumb/e/e8/Medill-Northwestern-Logo.svg/120px-Medill-Northwestern-Logo.svg.png	512 × 288; 6 KB	Medill-Northwestern-Logo.svg
https://commons.wikimedia.org/wiki/File:Miami_University_logo.svg	https://upload.wikimedia.org/wikipedia/commons/thumb/1/13/Miami_University_logo.svg/120px-Miami_University_logo.svg.png	512 × 98; 8 KB	Miami University logo.svg
https://commons.wikimedia.org/wiki/File:Mississippi_State_University_logo.svg	https://upload.wikimedia.org/wikipedia/commons/thumb/6/69/Mississippi_State_University_logo.svg/120px-Mississippi_State_University_logo.svg.png	232 × 41; 11 KB	Mississippi State University logo.svg
https://commons.wikimedia.org/wiki/File:Missouri_State_University.svg	https://upload.wikimedia.org/wikipedia/commons/thumb/d/db/Missouri_State_University.svg/120px-Missouri_State_University.svg.png	512 × 102; 7 KB	Missouri State University.svg
https://commons.wikimedia.org/wiki/File:Montana_State_University_Logo.svg	https://upload.wikimedia.org/wikipedia/commons/thumb/1/1e/Montana_State_University_Logo.svg/120px-Montana_State_University_Logo.svg.png	893 × 230; 19 KB	Montana State University Logo.svg
https://commons.wikimedia.org/wiki/File:New_College_of_Florida_logo.svg	https://upload.wikimedia.org/wikipedia/commons/thumb/b/b0/New_College_of_Florida_logo.svg/120px-New_College_of_Florida_logo.svg.png	512 × 154; 18 KB	New College of Florida logo.svg
https://commons.wikimedia.org/wiki/File:New_Jersey_IT_logo.svg	https://upload.wikimedia.org/wikipedia/commons/thumb/4/40/New_Jersey_IT_logo.svg/120px-New_Jersey_IT_logo.svg.png	200 × 83; 16 KB	New Jersey IT logo.svg
https://commons.wikimedia.org/wiki/File:North_Dakota_State_University_wordmark.svg	https://upload.wikimedia.org/wikipedia/commons/thumb/9/9c/North_Dakota_State_University_wordmark.svg/120px-North_Dakota_State_University_wordmark.svg.png	198 × 22; 9 KB	North Dakota State University wordmark.svg
https://commons.wikimedia.org/wiki/File:Northeastern_University_wordmark.svg	https://upload.wikimedia.org/wikipedia/commons/thumb/8/83/Northeastern_University_wordmark.svg/120px-Northeastern_University_wordmark.svg.png	164 × 22; 5 KB	Northeastern University wordmark.svg
https://commons.wikimedia.org/wiki/File:Northwestern_Medicine_Feinberg_School_of_Medicine_logo.svg	https://upload.wikimedia.org/wikipedia/commons/thumb/0/03/Northwestern_Medicine_Feinberg_School_of_Medicine_logo.svg/120px-Northwestern_Medicine_Feinberg_School_of_Medicine_logo.svg.png	512 × 72; 13 KB	Northwestern Medicine Feinberg School of Medicine logo.svg
https://commons.wikimedia.org/wiki/File:Northwestern_State_University_logo.svg	https://upload.wikimedia.org/wikipedia/commons/thumb/a/ad/Northwestern_State_University_logo.svg/120px-Northwestern_State_University_logo.svg.png	171 × 22; 22 KB	Northwestern State University logo.svg
https://commons.wikimedia.org/wiki/File:Northwestern_University_old_wordmark.svg	https://upload.wikimedia.org/wikipedia/commons/thumb/c/c6/Northwestern_University_old_wordmark.svg/120px-Northwestern_University_old_wordmark.svg.png	484 × 98; 69 KB	Northwestern University old wordmark.svg
https://commons.wikimedia.org/wiki/File:Northwestern_University_wordmark.svg	https://upload.wikimedia.org/wikipedia/commons/thumb/0/05/Northwestern_University_wordmark.svg/120px-Northwestern_University_wordmark.svg.png	193 × 26; 5 KB	Northwestern University wordmark.svg
https://commons.wikimedia.org/wiki/File:Northwestern-Pritzker-School-of-Law.svg	https://upload.wikimedia.org/wikipedia/commons/thumb/0/06/Northwestern-Pritzker-School-of-Law.svg/120px-Northwestern-Pritzker-School-of-Law.svg.png	512 × 123; 11 KB	Northwestern-Pritzker-School-of-Law.svg
https://commons.wikimedia.org/wiki/File:Nova_Southeastern_University_wordmark_cropped.svg	https://upload.wikimedia.org/wikipedia/commons/thumb/4/4d/Nova_Southeastern_University_wordmark_cropped.svg/120px-Nova_Southeastern_University_wordmark_cropped.svg.png	123 × 42; 2 KB	Nova Southeastern University wordmark cropped.svg
https://commons.wikimedia.org/wiki/File:Nova_Southeastern_University_wordmark.svg	https://upload.wikimedia.org/wikipedia/commons/thumb/f/fd/Nova_Southeastern_University_wordmark.svg/120px-Nova_Southeastern_University_wordmark.svg.png	300 × 42; 2 KB	Nova Southeastern University wordmark.svg
https://commons.wikimedia.org/wiki/File:Ohio_State_University_Logo.svg	https://upload.wikimedia.org/wikipedia/commons/thumb/5/59/Ohio_State_University_Logo.svg/120px-Ohio_State_University_Logo.svg.png	539 × 539; 33 KB	Ohio State University Logo.svg
https://commons.wikimedia.org/wiki/File:Ohio_State_University_text_logo_unified.svg	https://upload.wikimedia.org/wikipedia/commons/thumb/5/50/Ohio_State_University_text_logo_unified.svg/120px-Ohio_State_University_text_logo_unified.svg.png	340 × 340; 31 KB	Ohio State University text logo unified.svg
https://commons.wikimedia.org/wiki/File:Ohio_State_University_text_logo.svg	https://upload.wikimedia.org/wikipedia/commons/thumb/b/b4/Ohio_State_University_text_logo.svg/120px-Ohio_State_University_text_logo.svg.png	340 × 343; 31 KB	Ohio State University text logo.svg
https://commons.wikimedia.org/wiki/File:Orange_Coast_College_logo.svg	https://upload.wikimedia.org/wikipedia/commons/thumb/f/fa/Orange_Coast_College_logo.svg/120px-Orange_Coast_College_logo.svg.png	251 × 108; 17 KB	Orange Coast College logo.svg
https://commons.wikimedia.org/wiki/File:Pace_University_wordmark.svg	https://upload.wikimedia.org/wikipedia/commons/thumb/7/7d/Pace_University_wordmark.svg/120px-Pace_University_wordmark.svg.png	300 × 130; 2 KB	Pace University wordmark.svg
https://commons.wikimedia.org/wiki/File:Peabody_Institute_Johns_Hopkins_University_Baltimore_logo.svg	https://upload.wikimedia.org/wikipedia/commons/thumb/1/13/Peabody_Institute_Johns_Hopkins_University_Baltimore_logo.svg/120px-Peabody_Institute_Johns_Hopkins_University_Baltimore_logo.svg.png	1,052 × 481; 38 KB	Peabody Institute Johns Hopkins University Baltimore logo.svg
https://commons.wikimedia.org/wiki/File:Pratt_Institute_Logo.svg	https://upload.wikimedia.org/wikipedia/commons/thumb/3/39/Pratt_Institute_Logo.svg/120px-Pratt_Institute_Logo.svg.png	512 × 165; 1 KB	Pratt Institute Logo.svg
https://commons.wikimedia.org/wiki/File:Princeton_text_logo.svg	https://upload.wikimedia.org/wikipedia/commons/thumb/4/42/Princeton_text_logo.svg/120px-Princeton_text_logo.svg.png	250 × 64; 27 KB	Princeton text logo.svg
https://commons.wikimedia.org/wiki/File:Quantic-logo-color.svg	https://upload.wikimedia.org/wikipedia/commons/thumb/0/00/Quantic-logo-color.svg/120px-Quantic-logo-color.svg.png	246 × 60; 6 KB	Quantic-logo-color.svg
https://commons.wikimedia.org/wiki/File:QueensboroughCC_logo.svg	https://upload.wikimedia.org/wikipedia/commons/thumb/b/bb/QueensboroughCC_logo.svg/120px-QueensboroughCC_logo.svg.png	500 × 75; 8 KB	QueensboroughCC logo.svg
https://commons.wikimedia.org/wiki/File:Rutgers_University_seal.svg	https://upload.wikimedia.org/wikipedia/commons/thumb/f/f0/Rutgers_University_seal.svg/120px-Rutgers_University_seal.svg.png	300 × 301; 85 KB	Rutgers University seal.svg
https://commons.wikimedia.org/wiki/File:Salem_University_logo_green.svg	https://upload.wikimedia.org/wikipedia/commons/thumb/2/29/Salem_University_logo_green.svg/120px-Salem_University_logo_green.svg.png	144 × 48; 6 KB	Salem University logo green.svg
https://commons.wikimedia.org/wiki/File:Salisbury_University_logo.svg	https://upload.wikimedia.org/wikipedia/commons/thumb/0/04/Salisbury_University_logo.svg/120px-Salisbury_University_logo.svg.png	445 × 140; 16 KB	Salisbury University logo.svg
https://commons.wikimedia.org/wiki/File:San_Diego_State_University_primary_logo.svg	https://upload.wikimedia.org/wikipedia/commons/thumb/5/59/San_Diego_State_University_primary_logo.svg/120px-San_Diego_State_University_primary_logo.svg.png	254 × 42; 28 KB	San Diego State University primary logo.svg
https://commons.wikimedia.org/wiki/File:Sanford_School_logo_wide_blue.svg	https://upload.wikimedia.org/wikipedia/commons/thumb/d/d4/Sanford_School_logo_wide_blue.svg/120px-Sanford_School_logo_wide_blue.svg.png	600 × 62; 26 KB	Sanford School logo wide blue.svg
https://commons.wikimedia.org/wiki/File:Sanford_School_logo_wide_white.svg	https://upload.wikimedia.org/wikipedia/commons/thumb/e/e2/Sanford_School_logo_wide_white.svg/120px-Sanford_School_logo_wide_white.svg.png	600 × 62; 22 KB	Sanford School logo wide white.svg
https://commons.wikimedia.org/wiki/File:SC_Upstate_wordmark.svg	https://upload.wikimedia.org/wikipedia/commons/thumb/5/5a/SC_Upstate_wordmark.svg/120px-SC_Upstate_wordmark.svg.png	300 × 135; 11 KB	SC Upstate wordmark.svg
https://commons.wikimedia.org/wiki/File:Seattle_Pacific_University_logo.svg	https://upload.wikimedia.org/wikipedia/commons/thumb/e/ef/Seattle_Pacific_University_logo.svg/120px-Seattle_Pacific_University_logo.svg.png	468 × 194; 3 KB	Seattle Pacific University logo.svg
https://commons.wikimedia.org/wiki/File:SFS_stacked-01.svg	https://upload.wikimedia.org/wikipedia/commons/thumb/8/83/SFS_stacked-01.svg/120px-SFS_stacked-01.svg.png	512 × 512; 16 KB	SFS stacked-01.svg
https://commons.wikimedia.org/wiki/File:Shaw_University_Logo.svg	https://upload.wikimedia.org/wikipedia/commons/thumb/a/aa/Shaw_University_Logo.svg/120px-Shaw_University_Logo.svg.png	484 × 207; 7 KB	Shaw University Logo.svg
https://commons.wikimedia.org/wiki/File:Southern_Nazarene_University_logo.svg	https://upload.wikimedia.org/wikipedia/commons/thumb/7/75/Southern_Nazarene_University_logo.svg/120px-Southern_Nazarene_University_logo.svg.png	248 × 44; 29 KB	Southern Nazarene University logo.svg
https://commons.wikimedia.org/wiki/File:Southern_New_Hampshire_University_logo.svg	https://upload.wikimedia.org/wikipedia/commons/thumb/2/24/Southern_New_Hampshire_University_logo.svg/120px-Southern_New_Hampshire_University_logo.svg.png	168 × 91; 21 KB	Southern New Hampshire University logo.svg
https://commons.wikimedia.org/wiki/File:Ssa_small.svg	https://upload.wikimedia.org/wikipedia/commons/thumb/f/fe/Ssa_small.svg/120px-Ssa_small.svg.png	512 × 69; 11 KB	Ssa small.svg
https://commons.wikimedia.org/wiki/File:Stanford_wordmark_(2012).svg	https://upload.wikimedia.org/wikipedia/commons/thumb/a/a9/Stanford_wordmark_%282012%29.svg/120px-Stanford_wordmark_%282012%29.svg.png	800 × 168; 6 KB	Stanford wordmark (2012).svg
https://commons.wikimedia.org/wiki/File:Stony_Brook_U_logo_horizontal.svg	https://upload.wikimedia.org/wikipedia/commons/thumb/6/63/Stony_Brook_U_logo_horizontal.svg/120px-Stony_Brook_U_logo_horizontal.svg.png	359 × 61; 8 KB	Stony Brook U logo horizontal.svg
https://commons.wikimedia.org/wiki/File:Stony_Brook_U_logo_stack.svg	https://upload.wikimedia.org/wikipedia/commons/thumb/7/78/Stony_Brook_U_logo_stack.svg/120px-Stony_Brook_U_logo_stack.svg.png	233 × 82; 17 KB	Stony Brook U logo stack.svg
https://commons.wikimedia.org/wiki/File:Stony_Brook_U_logo_vertical.svg	https://upload.wikimedia.org/wikipedia/commons/thumb/3/3b/Stony_Brook_U_logo_vertical.svg/120px-Stony_Brook_U_logo_vertical.svg.png	166 × 137; 17 KB	Stony Brook U logo vertical.svg
https://commons.wikimedia.org/wiki/File:Strayer_University_logo.svg	https://upload.wikimedia.org/wikipedia/commons/thumb/7/7e/Strayer_University_logo.svg/120px-Strayer_University_logo.svg.png	662 × 145; 6 KB	Strayer University logo.svg
https://commons.wikimedia.org/wiki/File:Suffolk_University_wordmark.svg	https://upload.wikimedia.org/wikipedia/commons/thumb/5/5f/Suffolk_University_wordmark.svg/120px-Suffolk_University_wordmark.svg.png	250 × 113; 10 KB	Suffolk University wordmark.svg
https://commons.wikimedia.org/wiki/File:Texas_A%26M_University_2021_logo.svg	https://upload.wikimedia.org/wikipedia/commons/thumb/6/65/Texas_A%26M_University_2021_logo.svg/120px-Texas_A%26M_University_2021_logo.svg.png	969 × 768; 31 KB	Texas A&M University 2021 logo.svg
https://commons.wikimedia.org/wiki/File:Texas_Geosciences_logo.svg	https://upload.wikimedia.org/wikipedia/commons/thumb/d/d4/Texas_Geosciences_logo.svg/120px-Texas_Geosciences_logo.svg.png	512 × 107; 457 KB	Texas Geosciences logo.svg
https://commons.wikimedia.org/wiki/File:The_Citadel_logo.svg	https://upload.wikimedia.org/wikipedia/commons/thumb/4/43/The_Citadel_logo.svg/120px-The_Citadel_logo.svg.png	252 × 71; 14 KB	The Citadel logo.svg
https://commons.wikimedia.org/wiki/File:The_Hartt_School_wordmark.svg	https://upload.wikimedia.org/wikipedia/commons/thumb/b/bc/The_Hartt_School_wordmark.svg/120px-The_Hartt_School_wordmark.svg.png	500 × 62; 6 KB	The Hartt School wordmark.svg
https://commons.wikimedia.org/wiki/File:The_ohio_state_university_college_of_medicine.svg	https://upload.wikimedia.org/wikipedia/commons/thumb/4/4d/The_ohio_state_university_college_of_medicine.svg/120px-The_ohio_state_university_college_of_medicine.svg.png	512 × 399; 11 KB	The ohio state university college of medicine.svg
https://commons.wikimedia.org/wiki/File:Towson_University_logo.svg	https://upload.wikimedia.org/wikipedia/commons/thumb/6/6b/Towson_University_logo.svg/120px-Towson_University_logo.svg.png	418 × 72; 19 KB	Towson University logo.svg
https://commons.wikimedia.org/wiki/File:UC_Davis_wordmark.svg	https://upload.wikimedia.org/wikipedia/commons/thumb/0/09/UC_Davis_wordmark.svg/120px-UC_Davis_wordmark.svg.png	248 × 43; 3 KB	UC Davis wordmark.svg
https://commons.wikimedia.org/wiki/File:UC_Foundation_NextNow_logo.svg	https://upload.wikimedia.org/wikipedia/commons/thumb/e/e9/UC_Foundation_NextNow_logo.svg/120px-UC_Foundation_NextNow_logo.svg.png	359 × 164; 10 KB	UC Foundation NextNow logo.svg
https://commons.wikimedia.org/wiki/File:UhPhysicsLogo.svg	https://upload.wikimedia.org/wikipedia/commons/thumb/8/88/UhPhysicsLogo.svg/120px-UhPhysicsLogo.svg.png	293 × 116; 21 KB	UhPhysicsLogo.svg
https://commons.wikimedia.org/wiki/File:Uillinois_wordmark.svg	https://upload.wikimedia.org/wikipedia/commons/thumb/0/0f/Uillinois_wordmark.svg/120px-Uillinois_wordmark.svg.png	231 × 27; 137 KB	Uillinois wordmark.svg
https://commons.wikimedia.org/wiki/File:UMass_Amherst_Longform_Wordmark.svg	https://upload.wikimedia.org/wikipedia/commons/thumb/d/d6/UMass_Amherst_Longform_Wordmark.svg/120px-UMass_Amherst_Longform_Wordmark.svg.png	524 × 209; 24 KB	UMass Amherst Longform Wordmark.svg
https://commons.wikimedia.org/wiki/File:UMass_Amherst_M_Lockup_Longform_Wordmark.svg	https://upload.wikimedia.org/wikipedia/commons/thumb/6/62/UMass_Amherst_M_Lockup_Longform_Wordmark.svg/120px-UMass_Amherst_M_Lockup_Longform_Wordmark.svg.png	283 × 74; 24 KB	UMass Amherst M Lockup Longform Wordmark.svg
https://commons.wikimedia.org/wiki/File:UMass_Amherst_Shortform_Wordmark.svg	https://upload.wikimedia.org/wikipedia/commons/thumb/6/68/UMass_Amherst_Shortform_Wordmark.svg/120px-UMass_Amherst_Shortform_Wordmark.svg.png	332 × 172; 9 KB	UMass Amherst Shortform Wordmark.svg
https://commons.wikimedia.org/wiki/File:UMass_Chan_Medical_School_Logo.svg	https://upload.wikimedia.org/wikipedia/commons/thumb/a/a3/UMass_Chan_Medical_School_Logo.svg/120px-UMass_Chan_Medical_School_Logo.svg.png	512 × 104; 21 KB	UMass Chan Medical School Logo.svg
https://commons.wikimedia.org/wiki/File:UMass_Lowell_logo.svg	https://upload.wikimedia.org/wikipedia/commons/thumb/2/2c/UMass_Lowell_logo.svg/120px-UMass_Lowell_logo.svg.png	82 × 100; 4 KB	UMass Lowell logo.svg
https://commons.wikimedia.org/wiki/File:Umass-Lowell_logo_with_title.svg	https://upload.wikimedia.org/wikipedia/commons/thumb/0/0c/Umass-Lowell_logo_with_title.svg/120px-Umass-Lowell_logo_with_title.svg.png	202 × 87; 38 KB	Umass-Lowell logo with title.svg
https://commons.wikimedia.org/wiki/File:UMass-Lowell_logo.svg	https://upload.wikimedia.org/wikipedia/commons/thumb/c/c7/UMass-Lowell_logo.svg/120px-UMass-Lowell_logo.svg.png	205 × 250; 2 KB	UMass-Lowell logo.svg
https://commons.wikimedia.org/wiki/File:United_States_Military_Academy_wordmark.svg	https://upload.wikimedia.org/wikipedia/commons/thumb/b/b9/United_States_Military_Academy_wordmark.svg/120px-United_States_Military_Academy_wordmark.svg.png	324 × 60; 72 KB	United States Military Academy wordmark.svg
https://commons.wikimedia.org/wiki/File:University_at_Albany_logo_words.svg	https://upload.wikimedia.org/wikipedia/commons/thumb/e/ee/University_at_Albany_logo_words.svg/120px-University_at_Albany_logo_words.svg.png	254 × 115; 45 KB	University at Albany logo words.svg
https://commons.wikimedia.org/wiki/File:University_of_Arizona_logo.svg	https://upload.wikimedia.org/wikipedia/commons/thumb/b/b6/University_of_Arizona_logo.svg/120px-University_of_Arizona_logo.svg.png	137 × 33; 13 KB	University of Arizona logo.svg
https://commons.wikimedia.org/wiki/File:University_of_Arkansas%E2%80%93Fort_Smith_logo.svg	https://upload.wikimedia.org/wikipedia/commons/thumb/2/20/University_of_Arkansas%E2%80%93Fort_Smith_logo.svg/120px-University_of_Arkansas%E2%80%93Fort_Smith_logo.svg.png	289 × 41; 41 KB	University of Arkansas–Fort Smith logo.svg
https://commons.wikimedia.org/wiki/File:University_of_California,_Berkeley_logo.svg	https://upload.wikimedia.org/wikipedia/commons/thumb/8/82/University_of_California%2C_Berkeley_logo.svg/120px-University_of_California%2C_Berkeley_logo.svg.png	215 × 68; 11 KB	University of California, Berkeley logo.svg
https://commons.wikimedia.org/wiki/File:University_of_California,_Los_Angeles_logo.svg	https://upload.wikimedia.org/wikipedia/commons/thumb/6/6c/University_of_California%2C_Los_Angeles_logo.svg/120px-University_of_California%2C_Los_Angeles_logo.svg.png	250 × 82; 1 KB	University of California, Los Angeles logo.svg
https://commons.wikimedia.org/wiki/File:University_of_California,_San_Francisco_logo.svg	https://upload.wikimedia.org/wikipedia/commons/thumb/6/62/University_of_California%2C_San_Francisco_logo.svg/120px-University_of_California%2C_San_Francisco_logo.svg.png	365 × 178; 2 KB	University of California, San Francisco logo.svg
https://commons.wikimedia.org/wiki/File:University_of_Delaware_wordmark.svg	https://upload.wikimedia.org/wikipedia/commons/thumb/b/b3/University_of_Delaware_wordmark.svg/120px-University_of_Delaware_wordmark.svg.png	301 × 127; 8 KB	University of Delaware wordmark.svg
https://commons.wikimedia.org/wiki/File:University_of_Florida_Vertical_Signature.svg	https://upload.wikimedia.org/wikipedia/commons/thumb/d/d6/University_of_Florida_Vertical_Signature.svg/120px-University_of_Florida_Vertical_Signature.svg.png	134 × 133; 24 KB	University of Florida Vertical Signature.svg
https://commons.wikimedia.org/wiki/File:University_of_Guam_logo.svg	https://upload.wikimedia.org/wikipedia/commons/thumb/b/bf/University_of_Guam_logo.svg/120px-University_of_Guam_logo.svg.png	556 × 200; 16 KB	University of Guam logo.svg
https://commons.wikimedia.org/wiki/File:University_of_Hartford_wordmark.svg	https://upload.wikimedia.org/wikipedia/commons/thumb/3/39/University_of_Hartford_wordmark.svg/120px-University_of_Hartford_wordmark.svg.png	500 × 39; 4 KB	University of Hartford wordmark.svg
https://commons.wikimedia.org/wiki/File:University_of_Illinois_at_Chicago_circle_logo.svg	https://upload.wikimedia.org/wikipedia/commons/thumb/9/96/University_of_Illinois_at_Chicago_circle_logo.svg/120px-University_of_Illinois_at_Chicago_circle_logo.svg.png	250 × 250; 1 KB	University of Illinois at Chicago circle logo.svg
https://commons.wikimedia.org/wiki/File:University_of_Illinois_at_Urbana%E2%80%93Champaign_logo.svg	https://upload.wikimedia.org/wikipedia/commons/thumb/9/9c/University_of_Illinois_at_Urbana%E2%80%93Champaign_logo.svg/120px-University_of_Illinois_at_Urbana%E2%80%93Champaign_logo.svg.png	150 × 27; 2 KB	University of Illinois at Urbana–Champaign logo.svg
https://commons.wikimedia.org/wiki/File:University_of_Kentucky_logo.svg	https://upload.wikimedia.org/wikipedia/commons/thumb/c/c4/University_of_Kentucky_logo.svg/120px-University_of_Kentucky_logo.svg.png	199 × 53; 7 KB	University of Kentucky logo.svg
https://commons.wikimedia.org/wiki/File:University_of_Massachusetts_Boston_logo.svg	https://upload.wikimedia.org/wikipedia/commons/thumb/7/7f/University_of_Massachusetts_Boston_logo.svg/120px-University_of_Massachusetts_Boston_logo.svg.png	112 × 149; 5 KB	University of Massachusetts Boston logo.svg
https://commons.wikimedia.org/wiki/File:University_of_Massachusetts_Dartmouth_wordmark.svg	https://upload.wikimedia.org/wikipedia/commons/thumb/8/8f/University_of_Massachusetts_Dartmouth_wordmark.svg/120px-University_of_Massachusetts_Dartmouth_wordmark.svg.png	300 × 47; 5 KB	University of Massachusetts Dartmouth wordmark.svg
https://commons.wikimedia.org/wiki/File:University_of_Massachusetts_logo.svg	https://upload.wikimedia.org/wikipedia/commons/thumb/2/20/University_of_Massachusetts_logo.svg/120px-University_of_Massachusetts_logo.svg.png	236 × 250; 2 KB	University of Massachusetts logo.svg
https://commons.wikimedia.org/wiki/File:University_of_Massachusetts_wordmark.svg	https://upload.wikimedia.org/wikipedia/commons/thumb/3/3b/University_of_Massachusetts_wordmark.svg/120px-University_of_Massachusetts_wordmark.svg.png	530 × 60; 29 KB	University of Massachusetts wordmark.svg
https://commons.wikimedia.org/wiki/File:University_of_Minnesota_Logo.svg	https://upload.wikimedia.org/wikipedia/commons/thumb/6/6a/University_of_Minnesota_Logo.svg/120px-University_of_Minnesota_Logo.svg.png	512 × 288; 3 KB	University of Minnesota Logo.svg
https://commons.wikimedia.org/wiki/File:University_of_Minnesota.svg	https://upload.wikimedia.org/wikipedia/commons/thumb/c/c6/University_of_Minnesota.svg/120px-University_of_Minnesota.svg.png	3,553 × 1,807; 52 KB	University of Minnesota.svg
https://commons.wikimedia.org/wiki/File:University_of_North_Dakota_Logo.svg	https://upload.wikimedia.org/wikipedia/commons/thumb/b/b7/University_of_North_Dakota_Logo.svg/120px-University_of_North_Dakota_Logo.svg.png	893 × 131; 16 KB	University of North Dakota Logo.svg
https://commons.wikimedia.org/wiki/File:University_of_North_Texas_wordmark.svg	https://upload.wikimedia.org/wikipedia/commons/thumb/b/b6/University_of_North_Texas_wordmark.svg/120px-University_of_North_Texas_wordmark.svg.png	691 × 233; 1 KB	University of North Texas wordmark.svg
https://commons.wikimedia.org/wiki/File:University_of_Pittsburgh_wordmark.svg	https://upload.wikimedia.org/wikipedia/commons/thumb/5/53/University_of_Pittsburgh_wordmark.svg/120px-University_of_Pittsburgh_wordmark.svg.png	200 × 90; 14 KB	University of Pittsburgh wordmark.svg
https://commons.wikimedia.org/wiki/File:University_of_Rochester_2025_logo_text-only_center.svg	https://upload.wikimedia.org/wikipedia/commons/thumb/4/44/University_of_Rochester_2025_logo_text-only_center.svg/120px-University_of_Rochester_2025_logo_text-only_center.svg.png	650 × 200; 11 KB	University of Rochester 2025 logo text-only center.svg
https://commons.wikimedia.org/wiki/File:University_of_Rochester_2025_logo_text-only_left.svg	https://upload.wikimedia.org/wikipedia/commons/thumb/6/65/University_of_Rochester_2025_logo_text-only_left.svg/120px-University_of_Rochester_2025_logo_text-only_left.svg.png	654 × 200; 11 KB	University of Rochester 2025 logo text-only left.svg
https://commons.wikimedia.org/wiki/File:University_of_Rochester_2025_logo_text-only_secondary.svg	https://upload.wikimedia.org/wikipedia/commons/thumb/3/35/University_of_Rochester_2025_logo_text-only_secondary.svg/120px-University_of_Rochester_2025_logo_text-only_secondary.svg.png	731 × 112; 10 KB	University of Rochester 2025 logo text-only secondary.svg
https://commons.wikimedia.org/wiki/File:University_of_Texas_at_Austin_old_wordmark.svg	https://upload.wikimedia.org/wikipedia/commons/thumb/b/b1/University_of_Texas_at_Austin_old_wordmark.svg/120px-University_of_Texas_at_Austin_old_wordmark.svg.png	185 × 90; 125 KB	University of Texas at Austin old wordmark.svg
https://commons.wikimedia.org/wiki/File:University_of_Texas_at_Austin_School_of_Law_logo.svg	https://upload.wikimedia.org/wikipedia/commons/thumb/1/13/University_of_Texas_at_Austin_School_of_Law_logo.svg/120px-University_of_Texas_at_Austin_School_of_Law_logo.svg.png	512 × 83; 12 KB	University of Texas at Austin School of Law logo.svg
https://commons.wikimedia.org/wiki/File:University_of_the_Arts_logo.svg	https://upload.wikimedia.org/wikipedia/commons/thumb/8/8d/University_of_the_Arts_logo.svg/120px-University_of_the_Arts_logo.svg.png	852 × 130; 19 KB	University of the Arts logo.svg
https://commons.wikimedia.org/wiki/File:University_of_Utah_horizontal_logo.svg	https://upload.wikimedia.org/wikipedia/commons/thumb/3/30/University_of_Utah_horizontal_logo.svg/120px-University_of_Utah_horizontal_logo.svg.png	383 × 100; 30 KB	University of Utah horizontal logo.svg
https://commons.wikimedia.org/wiki/File:University_of_Vermont_Primary_Horizontal_Wordmark.svg	https://upload.wikimedia.org/wikipedia/commons/thumb/f/f4/University_of_Vermont_Primary_Horizontal_Wordmark.svg/120px-University_of_Vermont_Primary_Horizontal_Wordmark.svg.png	512 × 163; 12 KB	University of Vermont Primary Horizontal Wordmark.svg
https://commons.wikimedia.org/wiki/File:University_of_Washington_signature.svg	https://upload.wikimedia.org/wikipedia/commons/thumb/f/f7/University_of_Washington_signature.svg/120px-University_of_Washington_signature.svg.png	155 × 33; 6 KB	University of Washington signature.svg
https://commons.wikimedia.org/wiki/File:University_of_West_Georgia_logo.svg	https://upload.wikimedia.org/wikipedia/commons/thumb/2/24/University_of_West_Georgia_logo.svg/120px-University_of_West_Georgia_logo.svg.png	163 × 46; 11 KB	University of West Georgia logo.svg
https://commons.wikimedia.org/wiki/File:University_of_Wyoming_logo.svg	https://upload.wikimedia.org/wikipedia/commons/thumb/1/18/University_of_Wyoming_logo.svg/120px-University_of_Wyoming_logo.svg.png	360 × 95; 24 KB	University of Wyoming logo.svg
https://commons.wikimedia.org/wiki/File:University_System_of_Georgia_logo.svg	https://upload.wikimedia.org/wikipedia/commons/thumb/4/40/University_System_of_Georgia_logo.svg/120px-University_System_of_Georgia_logo.svg.png	250 × 250; 10 KB	University System of Georgia logo.svg
https://commons.wikimedia.org/wiki/File:UofWyoming_Logo.svg	https://upload.wikimedia.org/wikipedia/commons/thumb/5/55/UofWyoming_Logo.svg/120px-UofWyoming_Logo.svg.png	162 × 48; 20 KB	UofWyoming Logo.svg
https://commons.wikimedia.org/wiki/File:UPR_Logo.svg	https://upload.wikimedia.org/wikipedia/commons/thumb/9/98/UPR_Logo.svg/120px-UPR_Logo.svg.png	600 × 400; 2 KB	UPR Logo.svg
https://commons.wikimedia.org/wiki/File:USAF_Academy_logo.svg	https://upload.wikimedia.org/wikipedia/commons/thumb/8/81/USAF_Academy_logo.svg/120px-USAF_Academy_logo.svg.png	163 × 53; 4 KB	USAF Academy logo.svg
https://commons.wikimedia.org/wiki/File:UT_Knoxville_logo_left.svg	https://upload.wikimedia.org/wikipedia/commons/thumb/5/5f/UT_Knoxville_logo_left.svg/120px-UT_Knoxville_logo_left.svg.png	512 × 114; 33 KB	UT Knoxville logo left.svg
https://commons.wikimedia.org/wiki/File:Utica_University_logo.svg	https://upload.wikimedia.org/wikipedia/commons/thumb/9/96/Utica_University_logo.svg/120px-Utica_University_logo.svg.png	512 × 228; 3 KB	Utica University logo.svg
https://commons.wikimedia.org/wiki/File:UVU-Institutional-Square-Mark-2016.svg	https://upload.wikimedia.org/wikipedia/commons/thumb/0/00/UVU-Institutional-Square-Mark-2016.svg/120px-UVU-Institutional-Square-Mark-2016.svg.png	511 × 444; 6 KB	UVU-Institutional-Square-Mark-2016.svg
https://commons.wikimedia.org/wiki/File:UVUMonogramBlack-notm.svg	https://upload.wikimedia.org/wikipedia/commons/thumb/a/a0/UVUMonogramBlack-notm.svg/120px-UVUMonogramBlack-notm.svg.png	833 × 257; 838 bytes	UVUMonogramBlack-notm.svg
https://commons.wikimedia.org/wiki/File:UVUMonogramBlack.svg	https://upload.wikimedia.org/wikipedia/commons/thumb/b/be/UVUMonogramBlack.svg/120px-UVUMonogramBlack.svg.png	862 × 257; 1 KB	UVUMonogramBlack.svg
https://commons.wikimedia.org/wiki/File:UVUMonogramGreen-notm.svg	https://upload.wikimedia.org/wikipedia/commons/thumb/2/22/UVUMonogramGreen-notm.svg/120px-UVUMonogramGreen-notm.svg.png	833 × 257; 859 bytes	UVUMonogramGreen-notm.svg
https://commons.wikimedia.org/wiki/File:UVUMonogramGreen.svg	https://upload.wikimedia.org/wikipedia/commons/thumb/f/fa/UVUMonogramGreen.svg/120px-UVUMonogramGreen.svg.png	862 × 257; 1 KB	UVUMonogramGreen.svg
https://commons.wikimedia.org/wiki/File:UVUMonogramWhite-notm.svg	https://upload.wikimedia.org/wikipedia/commons/thumb/9/92/UVUMonogramWhite-notm.svg/120px-UVUMonogramWhite-notm.svg.png	833 × 257; 856 bytes	UVUMonogramWhite-notm.svg
https://commons.wikimedia.org/wiki/File:UVUMonogramWhite.svg	https://upload.wikimedia.org/wikipedia/commons/thumb/3/39/UVUMonogramWhite.svg/120px-UVUMonogramWhite.svg.png	862 × 257; 1 KB	UVUMonogramWhite.svg
https://commons.wikimedia.org/wiki/File:Vanderbilt_University_logo.svg	https://upload.wikimedia.org/wikipedia/commons/thumb/d/d0/Vanderbilt_University_logo.svg/120px-Vanderbilt_University_logo.svg.png	512 × 111; 327 KB	Vanderbilt University logo.svg
https://commons.wikimedia.org/wiki/File:VCU_typeface.svg	https://upload.wikimedia.org/wikipedia/commons/thumb/8/8c/VCU_typeface.svg/120px-VCU_typeface.svg.png	355 × 126; 806 bytes	VCU typeface.svg
https://commons.wikimedia.org/wiki/File:Webster_University_Logo.svg	https://upload.wikimedia.org/wikipedia/commons/thumb/8/86/Webster_University_Logo.svg/120px-Webster_University_Logo.svg.png	401 × 198; 30 KB	Webster University Logo.svg
https://commons.wikimedia.org/wiki/File:Wesleyan_University_logo.svg	https://upload.wikimedia.org/wikipedia/commons/thumb/e/e8/Wesleyan_University_logo.svg/120px-Wesleyan_University_logo.svg.png	3,365 × 702; 13 KB	Wesleyan University logo.svg
https://commons.wikimedia.org/wiki/File:Western_Carolina_University_Logo.svg	https://upload.wikimedia.org/wikipedia/commons/thumb/7/71/Western_Carolina_University_Logo.svg/120px-Western_Carolina_University_Logo.svg.png	894 × 370; 27 KB	Western Carolina University Logo.svg
https://commons.wikimedia.org/wiki/File:Western_Connecticut_State_University_logo.svg	https://upload.wikimedia.org/wikipedia/commons/thumb/d/d8/Western_Connecticut_State_University_logo.svg/120px-Western_Connecticut_State_University_logo.svg.png	375 × 306; 21 KB	Western Connecticut State University logo.svg
https://commons.wikimedia.org/wiki/File:William_Penn_University_wordmark_(old_colors).svg	https://upload.wikimedia.org/wikipedia/commons/thumb/7/79/William_Penn_University_wordmark_%28old_colors%29.svg/120px-William_Penn_University_wordmark_%28old_colors%29.svg.png	285 × 51; 61 KB	William Penn University wordmark (old colors).svg
https://commons.wikimedia.org/wiki/File:WPI_wordmark.svg	https://upload.wikimedia.org/wikipedia/commons/thumb/7/7e/WPI_wordmark.svg/120px-WPI_wordmark.svg.png	195 × 73; 4 KB	WPI wordmark.svg
https://commons.wikimedia.org/wiki/File:WPU_Logo_Stacked.svg	https://upload.wikimedia.org/wikipedia/commons/thumb/a/ab/WPU_Logo_Stacked.svg/120px-WPU_Logo_Stacked.svg.png	600 × 600; 7 KB	WPU Logo Stacked.svg
https://commons.wikimedia.org/wiki/File:Yale_Cancer_Center.svg	https://upload.wikimedia.org/wikipedia/commons/thumb/f/f0/Yale_Cancer_Center.svg/120px-Yale_Cancer_Center.svg.png	346 × 144; 80 KB	Yale Cancer Center.svg
https://commons.wikimedia.org/wiki/File:Yale_University_logo.svg	https://upload.wikimedia.org/wikipedia/commons/thumb/6/6e/Yale_University_logo.svg/120px-Yale_University_logo.svg.png	500 × 216; 2 KB	Yale University logo.svg